{
    "J0613-0200_EFF.EBPP.1360_efac": 1.0673,
    "J0613-0200_EFF.EBPP.1360_log10_tnequad": -7.38736,
    "J0613-0200_EFF.EBPP.1410_efac": 1.09676,
    "J0613-0200_EFF.EBPP.1410_log10_tnequad": -7.55201,
    "J0613-0200_EFF.EBPP.2639_efac": 1.05265,
    "J0613-0200_EFF.EBPP.2639_log10_tnequad": -6.64102,
    "J0613-0200_EFF.P200.1380_efac": 1.11062,
    "J0613-0200_EFF.P200.1380_log10_tnequad": -6.96289,
    "J0613-0200_EFF.P217.1380_efac": 1.3377,
    "J0613-0200_EFF.P217.1380_log10_tnequad": -7.68781,
    "J0613-0200_EFF.S110.2487_efac": 1.25876,
    "J0613-0200_EFF.S110.2487_log10_tnequad": -6.64869,
    "J0613-0200_JBO.DFB.1400_efac": 1.44498,
    "J0613-0200_JBO.DFB.1400_log10_tnequad": -7.38152,
    "J0613-0200_JBO.DFB.1520_efac": 1.0552,
    "J0613-0200_JBO.DFB.1520_log10_tnequad": -6.72035,
    "J0613-0200_JBO.ROACH.1520_efac": 0.995003,
    "J0613-0200_JBO.ROACH.1520_log10_tnequad": -7.48943,
    "J0613-0200_LEAP.1396_efac": 0.706929,
    "J0613-0200_LEAP.1396_log10_tnequad": -6.45217,
    "J0613-0200_NRT.BON.1400_efac": 1.05705,
    "J0613-0200_NRT.BON.1400_log10_tnequad": -7.88412,
    "J0613-0200_NRT.BON.1600_efac": 1.14412,
    "J0613-0200_NRT.BON.1600_log10_tnequad": -7.51617,
    "J0613-0200_NRT.BON.2000_efac": 1.1202,
    "J0613-0200_NRT.BON.2000_log10_tnequad": -7.10965,
    "J0613-0200_NRT.NUPPI.1484_efac": 0.79452,
    "J0613-0200_NRT.NUPPI.1484_log10_tnequad": -7.71794,
    "J0613-0200_NRT.NUPPI.1854_efac": 0.767841,
    "J0613-0200_NRT.NUPPI.1854_log10_tnequad": -7.14115,
    "J0613-0200_NRT.NUPPI.2539_efac": 0.707289,
    "J0613-0200_NRT.NUPPI.2539_log10_tnequad": -7.36261,
    "J0613-0200_WSRT.P1.1380_efac": 1.06846,
    "J0613-0200_WSRT.P1.1380_log10_tnequad": -7.83554,
    "J0613-0200_WSRT.P1.328_efac": 1.42931,
    "J0613-0200_WSRT.P1.328_log10_tnequad": -7.80427,
    "J0613-0200_WSRT.P1.382_efac": 0.974375,
    "J0613-0200_WSRT.P1.382_log10_tnequad": -6.71412,
    "J0613-0200_WSRT.P2.1380_efac": 1.18745,
    "J0613-0200_WSRT.P2.1380_log10_tnequad": -7.6,
    "J0613-0200_dm_gp_gamma": 2.1334,
    "J0613-0200_dm_gp_log10_A": -11.8677,
    "J0613-0200_red_noise_gamma": 5.04536,
    "J0613-0200_red_noise_log10_A": -14.8656
}