{
    "J0751+1807_EFF.EBPP.1360_efac": 1.73775,
    "J0751+1807_EFF.EBPP.1360_log10_tnequad": -5.98638,
    "J0751+1807_EFF.EBPP.1410_efac": 1.03605,
    "J0751+1807_EFF.EBPP.1410_log10_tnequad": -5.59672,
    "J0751+1807_EFF.EBPP.2639_efac": 1.19294,
    "J0751+1807_EFF.EBPP.2639_log10_tnequad": -5.66069,
    "J0751+1807_EFF.P200.1380_efac": 1.29669,
    "J0751+1807_EFF.P200.1380_log10_tnequad": -5.83602,
    "J0751+1807_EFF.P217.1380_efac": 1.15513,
    "J0751+1807_EFF.P217.1380_log10_tnequad": -5.95418,
    "J0751+1807_EFF.S110.2487_efac": 1.23458,
    "J0751+1807_EFF.S110.2487_log10_tnequad": -7.64117,
    "J0751+1807_JBO.DFB.1400_efac": 1.16362,
    "J0751+1807_JBO.DFB.1400_log10_tnequad": -7.51227,
    "J0751+1807_JBO.DFB.1520_efac": 0.920181,
    "J0751+1807_JBO.DFB.1520_log10_tnequad": -5.76677,
    "J0751+1807_JBO.ROACH.1520_efac": 0.986371,
    "J0751+1807_JBO.ROACH.1520_log10_tnequad": -7.28808,
    "J0751+1807_LEAP.1396_efac": 1.05303,
    "J0751+1807_LEAP.1396_log10_tnequad": -8.23071,
    "J0751+1807_NRT.BON.1400_efac": 1.16303,
    "J0751+1807_NRT.BON.1400_log10_tnequad": -6.06542,
    "J0751+1807_NRT.BON.1600_efac": 1.05978,
    "J0751+1807_NRT.BON.1600_log10_tnequad": -8.17481,
    "J0751+1807_NRT.BON.2000_efac": 0.901343,
    "J0751+1807_NRT.BON.2000_log10_tnequad": -5.67408,
    "J0751+1807_NRT.NUPPI.1484_efac": 0.859278,
    "J0751+1807_NRT.NUPPI.1484_log10_tnequad": -7.46616,
    "J0751+1807_NRT.NUPPI.2539_efac": 0.848254,
    "J0751+1807_NRT.NUPPI.2539_log10_tnequad": -7.78562,
    "J0751+1807_WSRT.P1.1380_efac": 1.5114,
    "J0751+1807_WSRT.P1.1380_log10_tnequad": -7.1876,
    "J0751+1807_WSRT.P2.1380_efac": 0.961253,
    "J0751+1807_WSRT.P2.1380_log10_tnequad": -6.88284,
    "J0751+1807_dm_gp_gamma": 3.16616,
    "J0751+1807_dm_gp_log10_A": -11.8844
}