{
    "J0900-3144_JBO.DFB.1520_efac": 1.14474,
    "J0900-3144_JBO.DFB.1520_log10_tnequad": -8.27666,
    "J0900-3144_JBO.ROACH.1520_efac": 1.01852,
    "J0900-3144_JBO.ROACH.1520_log10_tnequad": -7.67011,
    "J0900-3144_NRT.BON.1400_efac": 1.07357,
    "J0900-3144_NRT.BON.1400_log10_tnequad": -6.02597,
    "J0900-3144_NRT.BON.1600_efac": 1.0136,
    "J0900-3144_NRT.BON.1600_log10_tnequad": -5.90534,
    "J0900-3144_NRT.BON.2000_efac": 1.25899,
    "J0900-3144_NRT.BON.2000_log10_tnequad": -6.34506,
    "J0900-3144_NRT.NUPPI.1484_efac": 0.837304,
    "J0900-3144_NRT.NUPPI.1484_log10_tnequad": -6.03886,
    "J0900-3144_NRT.NUPPI.1854_efac": 1.44753,
    "J0900-3144_NRT.NUPPI.1854_log10_tnequad": -8.03261,
    "J0900-3144_NRT.NUPPI.2154_efac": 1.00394,
    "J0900-3144_NRT.NUPPI.2154_log10_tnequad": -7.48882,
    "J0900-3144_NRT.NUPPI.2539_efac": 0.90279,
    "J0900-3144_NRT.NUPPI.2539_log10_tnequad": -7.24469,
    "J0900-3144_dm_gp_gamma": 3.42933,
    "J0900-3144_dm_gp_log10_A": -11.84,
    "J0900-3144_red_noise_gamma": 1.09192,
    "J0900-3144_red_noise_log10_A": -12.7632
}