{
    "J1024-0719_EFF.EBPP.1360_efac": 0.953969,
    "J1024-0719_EFF.EBPP.1360_log10_tnequad": -6.47356,
    "J1024-0719_EFF.EBPP.1410_efac": 0.764423,
    "J1024-0719_EFF.EBPP.1410_log10_tnequad": -7.35841,
    "J1024-0719_EFF.EBPP.2639_efac": 1.33427,
    "J1024-0719_EFF.EBPP.2639_log10_tnequad": -7.30807,
    "J1024-0719_EFF.P200.1380_efac": 0.686193,
    "J1024-0719_EFF.P200.1380_log10_tnequad": -5.79543,
    "J1024-0719_EFF.P217.1380_efac": 0.931719,
    "J1024-0719_EFF.P217.1380_log10_tnequad": -8.77684,
    "J1024-0719_EFF.S110.2487_efac": 0.734842,
    "J1024-0719_EFF.S110.2487_log10_tnequad": -5.15655,
    "J1024-0719_JBO.DFB.1400_efac": 0.836219,
    "J1024-0719_JBO.DFB.1400_log10_tnequad": -6.718,
    "J1024-0719_JBO.DFB.1520_efac": 1.20354,
    "J1024-0719_JBO.DFB.1520_log10_tnequad": -6.52235,
    "J1024-0719_JBO.ROACH.1520_efac": 0.99776,
    "J1024-0719_JBO.ROACH.1520_log10_tnequad": -7.94771,
    "J1024-0719_LEAP.1396_efac": 0.996807,
    "J1024-0719_LEAP.1396_log10_tnequad": -6.25292,
    "J1024-0719_NRT.BON.1400_efac": 1.15479,
    "J1024-0719_NRT.BON.1400_log10_tnequad": -8.62744,
    "J1024-0719_NRT.BON.1600_efac": 1.1012,
    "J1024-0719_NRT.BON.1600_log10_tnequad": -6.20246,
    "J1024-0719_NRT.BON.2000_efac": 1.05594,
    "J1024-0719_NRT.BON.2000_log10_tnequad": -6.16814,
    "J1024-0719_NRT.NUPPI.1484_efac": 0.747923,
    "J1024-0719_NRT.NUPPI.1484_log10_tnequad": -8.4986,
    "J1024-0719_NRT.NUPPI.2539_efac": 0.736474,
    "J1024-0719_NRT.NUPPI.2539_log10_tnequad": -5.70699,
    "J1024-0719_WSRT.P2.1380_efac": 0.81653,
    "J1024-0719_WSRT.P2.1380_log10_tnequad": -5.96775,
    "J1024-0719_dm_gp_gamma": 2.31205,
    "J1024-0719_dm_gp_log10_A": -11.8469
}