{
    "J1857+0943_EFF.EBPP.1360_efac": 0.475238,
    "J1857+0943_EFF.EBPP.1360_log10_tnequad": -5.57431,
    "J1857+0943_EFF.EBPP.1410_efac": 0.823856,
    "J1857+0943_EFF.EBPP.1410_log10_tnequad": -8.35081,
    "J1857+0943_EFF.EBPP.2639_efac": 1.05916,
    "J1857+0943_EFF.EBPP.2639_log10_tnequad": -8.10273,
    "J1857+0943_EFF.P200.1380_efac": 1.0477,
    "J1857+0943_EFF.P200.1380_log10_tnequad": -7.99685,
    "J1857+0943_EFF.P217.1380_efac": 1.08569,
    "J1857+0943_EFF.P217.1380_log10_tnequad": -7.67684,
    "J1857+0943_EFF.S110.2487_efac": 1.03252,
    "J1857+0943_EFF.S110.2487_log10_tnequad": -5.61893,
    "J1857+0943_EFF.S60.4857_efac": 0.688791,
    "J1857+0943_EFF.S60.4857_log10_tnequad": -5.90357,
    "J1857+0943_JBO.DFB.1520_efac": 0.610221,
    "J1857+0943_JBO.DFB.1520_log10_tnequad": -5.82901,
    "J1857+0943_JBO.ROACH.1520_efac": 0.996687,
    "J1857+0943_JBO.ROACH.1520_log10_tnequad": -6.08108,
    "J1857+0943_LEAP.1396_efac": 1.30694,
    "J1857+0943_LEAP.1396_log10_tnequad": -7.33173,
    "J1857+0943_NRT.BON.1400_efac": 0.879108,
    "J1857+0943_NRT.BON.1400_log10_tnequad": -6.30313,
    "J1857+0943_NRT.BON.1600_efac": 0.998477,
    "J1857+0943_NRT.BON.1600_log10_tnequad": -6.76448,
    "J1857+0943_NRT.BON.2000_efac": 0.911604,
    "J1857+0943_NRT.BON.2000_log10_tnequad": -7.17693,
    "J1857+0943_NRT.NUPPI.1484_efac": 0.950973,
    "J1857+0943_NRT.NUPPI.1484_log10_tnequad": -8.13121,
    "J1857+0943_NRT.NUPPI.2539_efac": 0.816459,
    "J1857+0943_NRT.NUPPI.2539_log10_tnequad": -6.39861,
    "J1857+0943_WSRT.P1.1380_efac": 1.0507,
    "J1857+0943_WSRT.P1.1380_log10_tnequad": -5.61438,
    "J1857+0943_WSRT.P2.1380_efac": 1.30538,
    "J1857+0943_WSRT.P2.1380_log10_tnequad": -7.55279,
    "J1857+0943_dm_gp_gamma": 2.70345,
    "J1857+0943_dm_gp_log10_A": -11.7697
}