{
    "J0613-0200_EFF.P200.1380_efac": 1.0601808929436245,
    "J0613-0200_EFF.P200.1380_log10_t2equad": -7.834969724438982,
    "J0613-0200_EFF.P217.1380_efac": 1.4062615981253141,
    "J0613-0200_EFF.P217.1380_log10_t2equad": -6.51989911281353,
    "J0613-0200_EFF.S110.2487_efac": 1.3013818026175654,
    "J0613-0200_EFF.S110.2487_log10_t2equad": -8.82872783510587,
    "J0613-0200_GM_GWB_1460_200_b0_post36_efac": 0.7371975025603222,
    "J0613-0200_GM_GWB_1460_200_b0_post36_log10_t2equad": -6.358234727525109,
    "J0613-0200_GM_GWB_500_100_b1_pre36_efac": 0.5973771697935912,
    "J0613-0200_GM_GWB_500_100_b1_pre36_log10_t2equad": -5.433365472513186,
    "J0613-0200_GM_GWB_500_200_b1_post36_efac": 0.9772381843759879,
    "J0613-0200_GM_GWB_500_200_b1_post36_log10_t2equad": -8.952356344940492,
    "J0613-0200_JBO.ROACH.1520_efac": 0.9735778752227224,
    "J0613-0200_JBO.ROACH.1520_log10_t2equad": -8.557778040699176,
    "J0613-0200_LEAP.1396_efac": 0.8885557981704194,
    "J0613-0200_LEAP.1396_log10_t2equad": -6.463033101103828,
    "J0613-0200_NRT.NUPPI.1484_efac": 0.8249654627479976,
    "J0613-0200_NRT.NUPPI.1484_log10_t2equad": -8.736284874118772,
    "J0613-0200_NRT.NUPPI.1854_efac": 0.8935226273189565,
    "J0613-0200_NRT.NUPPI.1854_log10_t2equad": -7.254432714363365,
    "J0613-0200_NRT.NUPPI.2539_efac": 0.668614827115503,
    "J0613-0200_NRT.NUPPI.2539_log10_t2equad": -8.292222274480771,
    "J0613-0200_WSRT.P2.1380_efac": 1.2003188684827841,
    "J0613-0200_WSRT.P2.1380_log10_t2equad": -6.613412564643872,
    "J0613-0200_cn_4.0_gp_gamma": 0.8612578874990473,
    "J0613-0200_cn_4.0_gp_log10_A": -14.266786285960857,
    "J0613-0200_dm_gp_gamma": 1.3878165591910347,
    "J0613-0200_dm_gp_log10_A": -11.534877037462488
}