{
    "J0751+1807_EFF.P200.1380_efac": 1.3267112480078869,
    "J0751+1807_EFF.P200.1380_log10_t2equad": -5.908559096949764,
    "J0751+1807_EFF.P217.1380_efac": 1.0259228289758222,
    "J0751+1807_EFF.P217.1380_log10_t2equad": -5.924519516526959,
    "J0751+1807_EFF.S110.2487_efac": 0.9681690267840436,
    "J0751+1807_EFF.S110.2487_log10_t2equad": -7.767708439569773,
    "J0751+1807_GM_GWB_1460_100_b1_pre36_efac": 0.18510305284108505,
    "J0751+1807_GM_GWB_1460_100_b1_pre36_log10_t2equad": -5.006034007898681,
    "J0751+1807_GM_GWB_1460_200_b0_post36_efac": 0.7195322543994376,
    "J0751+1807_GM_GWB_1460_200_b0_post36_log10_t2equad": -8.239419336587735,
    "J0751+1807_GM_GWB_500_100_b1_pre36_efac": 0.9312168537824613,
    "J0751+1807_GM_GWB_500_100_b1_pre36_log10_t2equad": -6.52360351464979,
    "J0751+1807_GM_GWB_500_200_b1_post36_efac": 1.7990242539266446,
    "J0751+1807_GM_GWB_500_200_b1_post36_log10_t2equad": -5.022965484594319,
    "J0751+1807_JBO.ROACH.1520_efac": 1.0516398881089828,
    "J0751+1807_JBO.ROACH.1520_log10_t2equad": -7.115099847038593,
    "J0751+1807_LEAP.1396_efac": 0.9430608320734619,
    "J0751+1807_LEAP.1396_log10_t2equad": -8.633638611845086,
    "J0751+1807_NRT.NUPPI.1484_efac": 0.8696989042371228,
    "J0751+1807_NRT.NUPPI.1484_log10_t2equad": -7.657629201816905,
    "J0751+1807_NRT.NUPPI.2539_efac": 0.9051019733988288,
    "J0751+1807_NRT.NUPPI.2539_log10_t2equad": -6.120748355111357,
    "J0751+1807_WSRT.P2.1380_efac": 0.9196667155749723,
    "J0751+1807_WSRT.P2.1380_log10_t2equad": -8.11441942435863,
    "J0751+1807_dm_gp_gamma": 2.6149275397673666,
    "J0751+1807_dm_gp_log10_A": -11.535783714066055
}