{
    "J1012+5307_EFF.P200.1380_efac": 1.3111985784845663,
    "J1012+5307_EFF.P200.1380_log10_t2equad": -8.641168005578617,
    "J1012+5307_EFF.P217.1380_efac": 1.1901018842553004,
    "J1012+5307_EFF.P217.1380_log10_t2equad": -7.361003204736925,
    "J1012+5307_EFF.S110.2487_efac": 1.3521200070400832,
    "J1012+5307_EFF.S110.2487_log10_t2equad": -6.331220668085324,
    "J1012+5307_EFF.S60.4857_efac": 0.9422721237232521,
    "J1012+5307_EFF.S60.4857_log10_t2equad": -5.84747699591315,
    "J1012+5307_GM_GWB_1460_100_b1_pre36_efac": 1.2368571511392754,
    "J1012+5307_GM_GWB_1460_100_b1_pre36_log10_t2equad": -5.145479281698128,
    "J1012+5307_GM_GWB_1460_200_b0_post36_efac": 0.9068998066331835,
    "J1012+5307_GM_GWB_1460_200_b0_post36_log10_t2equad": -8.748917280191458,
    "J1012+5307_GM_GWB_500_100_b1_pre36_efac": 0.9260540173731819,
    "J1012+5307_GM_GWB_500_100_b1_pre36_log10_t2equad": -5.0932889167049575,
    "J1012+5307_GM_GWB_500_200_b1_post36_efac": 1.843674569427243,
    "J1012+5307_GM_GWB_500_200_b1_post36_log10_t2equad": -7.083497313532052,
    "J1012+5307_JBO.ROACH.1520_efac": 0.9967903231213632,
    "J1012+5307_JBO.ROACH.1520_log10_t2equad": -6.2555620287278915,
    "J1012+5307_LEAP.1396_efac": 1.5280476111756198,
    "J1012+5307_LEAP.1396_log10_t2equad": -7.87821894435275,
    "J1012+5307_NRT.NUPPI.1484_efac": 0.843542970297481,
    "J1012+5307_NRT.NUPPI.1484_log10_t2equad": -8.580658845185,
    "J1012+5307_NRT.NUPPI.1854_efac": 0.8848618695754656,
    "J1012+5307_NRT.NUPPI.1854_log10_t2equad": -8.178426054801651,
    "J1012+5307_NRT.NUPPI.2539_efac": 0.8022457587806432,
    "J1012+5307_NRT.NUPPI.2539_log10_t2equad": -7.213206454345204,
    "J1012+5307_WSRT.P2.1380_efac": 1.1464771037897803,
    "J1012+5307_WSRT.P2.1380_log10_t2equad": -6.980432037892008,
    "J1012+5307_WSRT.P2.350_efac": 1.5624192116045528,
    "J1012+5307_WSRT.P2.350_log10_t2equad": -7.619124817481328,
    "J1012+5307_dm_gp_gamma": 4.1960851328256155,
    "J1012+5307_dm_gp_log10_A": -12.78894831323818,
    "J1012+5307_rn_gamma": 1.134858506495418,
    "J1012+5307_rn_log10_A": -12.9794400018368
}