{
    "J1024-0719_EFF.P200.1380_efac": 0.9551974352791707,
    "J1024-0719_EFF.P200.1380_log10_t2equad": -7.05065179837003,
    "J1024-0719_EFF.P217.1380_efac": 0.9258318800843921,
    "J1024-0719_EFF.P217.1380_log10_t2equad": -6.189856602824119,
    "J1024-0719_EFF.S110.2487_efac": 0.8396735963799056,
    "J1024-0719_EFF.S110.2487_log10_t2equad": -5.346016302576432,
    "J1024-0719_JBO.ROACH.1520_efac": 0.9434863523119911,
    "J1024-0719_JBO.ROACH.1520_log10_t2equad": -8.21586325008337,
    "J1024-0719_LEAP.1396_efac": 1.1523801155580489,
    "J1024-0719_LEAP.1396_log10_t2equad": -6.290103368658607,
    "J1024-0719_NRT.NUPPI.1484_efac": 0.7687856834625707,
    "J1024-0719_NRT.NUPPI.1484_log10_t2equad": -7.32549311640761,
    "J1024-0719_NRT.NUPPI.2539_efac": 0.8045230724764365,
    "J1024-0719_NRT.NUPPI.2539_log10_t2equad": -8.106099547840559,
    "J1024-0719_WSRT.P2.1380_efac": 0.4653006137768964,
    "J1024-0719_WSRT.P2.1380_log10_t2equad": -5.694096730161006,
    "J1024-0719_dm_gp_gamma": 4.249248914965616,
    "J1024-0719_dm_gp_log10_A": -12.321228635810387
}