{
    "J1600-3053_EFF.P200.1380_efac": 0.8632579505911395,
    "J1600-3053_EFF.P200.1380_log10_t2equad": -8.546704942961465,
    "J1600-3053_EFF.P217.1380_efac": 1.3454147040556668,
    "J1600-3053_EFF.P217.1380_log10_t2equad": -5.5420269512297216,
    "J1600-3053_EFF.S110.2487_efac": 0.8039223879962407,
    "J1600-3053_EFF.S110.2487_log10_t2equad": -7.3376185109864345,
    "J1600-3053_GM_GWB_1460_100_b1_pre36_efac": 1.1224256487233784,
    "J1600-3053_GM_GWB_1460_100_b1_pre36_log10_t2equad": -8.957274431605027,
    "J1600-3053_GM_GWB_1460_200_b0_post36_efac": 0.745749869476446,
    "J1600-3053_GM_GWB_1460_200_b0_post36_log10_t2equad": -5.94738924462205,
    "J1600-3053_GM_GWB_500_100_b1_pre36_efac": 0.4433656165129142,
    "J1600-3053_GM_GWB_500_100_b1_pre36_log10_t2equad": -5.410718176066131,
    "J1600-3053_GM_GWB_500_200_b1_post36_efac": 2.099697737547985,
    "J1600-3053_GM_GWB_500_200_b1_post36_log10_t2equad": -6.5085343250411904,
    "J1600-3053_JBO.ROACH.1520_efac": 1.0644872103346843,
    "J1600-3053_JBO.ROACH.1520_log10_t2equad": -6.616310788168102,
    "J1600-3053_LEAP.1396_efac": 1.5017499455993382,
    "J1600-3053_LEAP.1396_log10_t2equad": -6.702759522345369,
    "J1600-3053_NRT.NUPPI.1484_efac": 0.6504389709707721,
    "J1600-3053_NRT.NUPPI.1484_log10_t2equad": -6.82689906085564,
    "J1600-3053_NRT.NUPPI.1854_efac": 0.710786849617704,
    "J1600-3053_NRT.NUPPI.1854_log10_t2equad": -8.327697693075473,
    "J1600-3053_NRT.NUPPI.2154_efac": 0.7343212743569358,
    "J1600-3053_NRT.NUPPI.2154_log10_t2equad": -8.948456283445893,
    "J1600-3053_NRT.NUPPI.2539_efac": 0.7394444723852328,
    "J1600-3053_NRT.NUPPI.2539_log10_t2equad": -8.424892633351805,
    "J1600-3053_WSRT.P2.1380_efac": 0.8747217569408847,
    "J1600-3053_WSRT.P2.1380_log10_t2equad": -5.960475682948266,
    "J1600-3053_dm_gp_gamma": 1.8397395470098397,
    "J1600-3053_dm_gp_log10_A": -11.506013678452062,
    "J1600-3053_rn_gamma": 2.9155409268894186,
    "J1600-3053_rn_log10_A": -13.857606020631938
}