{
    "J1640+2224_EFF.P200.1380_efac": 1.6740103438387088,
    "J1640+2224_EFF.P200.1380_log10_t2equad": -8.119469937696858,
    "J1640+2224_EFF.P217.1380_efac": 1.0356321999126166,
    "J1640+2224_EFF.P217.1380_log10_t2equad": -8.361131309787513,
    "J1640+2224_EFF.S110.2487_efac": 1.344823590532148,
    "J1640+2224_EFF.S110.2487_log10_t2equad": -8.33652279211746,
    "J1640+2224_JBO.ROACH.1520_efac": 1.0900889895596009,
    "J1640+2224_JBO.ROACH.1520_log10_t2equad": -6.89888899120869,
    "J1640+2224_LEAP.1396_efac": 1.0755152580227818,
    "J1640+2224_LEAP.1396_log10_t2equad": -7.3394633596342995,
    "J1640+2224_NRT.NUPPI.1484_efac": 0.9349544896349673,
    "J1640+2224_NRT.NUPPI.1484_log10_t2equad": -7.946053186812969,
    "J1640+2224_dm_gp_gamma": 0.15539331668584155,
    "J1640+2224_dm_gp_log10_A": -11.54405272349696
}