{
    "J1744-1134_EFF.P200.1380_efac": 1.7641297595854506,
    "J1744-1134_EFF.P200.1380_log10_t2equad": -8.466803217709261,
    "J1744-1134_EFF.P217.1380_efac": 1.3669152680926657,
    "J1744-1134_EFF.P217.1380_log10_t2equad": -8.810287973568292,
    "J1744-1134_EFF.S110.2487_efac": 1.0261821121885297,
    "J1744-1134_EFF.S110.2487_log10_t2equad": -8.699487934176728,
    "J1744-1134_EFF.S60.4857_efac": 1.2805874338169856,
    "J1744-1134_EFF.S60.4857_log10_t2equad": -7.57935804793454,
    "J1744-1134_GM_GWB_1460_200_b0_post36_efac": 1.012103056444722,
    "J1744-1134_GM_GWB_1460_200_b0_post36_log10_t2equad": -7.940273294993466,
    "J1744-1134_GM_GWB_500_200_b1_post36_efac": 1.0563766443615028,
    "J1744-1134_GM_GWB_500_200_b1_post36_log10_t2equad": -6.091241376142234,
    "J1744-1134_JBO.ROACH.1520_efac": 1.1380895490265992,
    "J1744-1134_JBO.ROACH.1520_log10_t2equad": -6.275947013514328,
    "J1744-1134_LEAP.1396_efac": 1.465094661489098,
    "J1744-1134_LEAP.1396_log10_t2equad": -6.449897389685286,
    "J1744-1134_NRT.NUPPI.1484_efac": 0.7442514477863381,
    "J1744-1134_NRT.NUPPI.1484_log10_t2equad": -6.677290594439665,
    "J1744-1134_NRT.NUPPI.2539_efac": 0.7293652353326253,
    "J1744-1134_NRT.NUPPI.2539_log10_t2equad": -6.400087856135024,
    "J1744-1134_WSRT.P2.1380_efac": 1.1434583342655225,
    "J1744-1134_WSRT.P2.1380_log10_t2equad": -6.708860673178251,
    "J1744-1134_dm_gp_gamma": 0.8767884807625932,
    "J1744-1134_dm_gp_log10_A": -11.641943312723512
}