{
    "J1909-3744_GM_GWB_1460_100_b1_pre36_efac": 0.889346570540364,
    "J1909-3744_GM_GWB_1460_100_b1_pre36_log10_t2equad": -8.640235114888798,
    "J1909-3744_GM_GWB_1460_200_b0_post36_efac": 0.8889880855847249,
    "J1909-3744_GM_GWB_1460_200_b0_post36_log10_t2equad": -6.231764630772848,
    "J1909-3744_GM_GWB_500_100_b1_pre36_efac": 0.9400507741635178,
    "J1909-3744_GM_GWB_500_100_b1_pre36_log10_t2equad": -8.999362507851336,
    "J1909-3744_GM_GWB_500_200_b1_post36_efac": 1.0033275777316195,
    "J1909-3744_GM_GWB_500_200_b1_post36_log10_t2equad": -6.188643596755303,
    "J1909-3744_NRT.NUPPI.1484_efac": 0.8055885126628091,
    "J1909-3744_NRT.NUPPI.1484_log10_t2equad": -7.417408833629566,
    "J1909-3744_NRT.NUPPI.1854_efac": 0.8481200099352683,
    "J1909-3744_NRT.NUPPI.1854_log10_t2equad": -7.527263630457925,
    "J1909-3744_NRT.NUPPI.2154_efac": 0.9074770686776046,
    "J1909-3744_NRT.NUPPI.2154_log10_t2equad": -7.207457662290564,
    "J1909-3744_NRT.NUPPI.2539_efac": 0.7031738277332642,
    "J1909-3744_NRT.NUPPI.2539_log10_t2equad": -7.122641292479152,
    "J1909-3744_dm_gp_gamma": 1.4172127731182707,
    "J1909-3744_dm_gp_log10_A": -11.80623783257527,
    "J1909-3744_rn_gamma": 5.810126134314681,
    "J1909-3744_rn_log10_A": -15.168125493501353
}