{
    "J1918-0642_EFF.P200.1380_efac": 0.911571024305496,
    "J1918-0642_EFF.P200.1380_log10_t2equad": -6.339692244024356,
    "J1918-0642_EFF.P217.1380_efac": 1.1332353140352633,
    "J1918-0642_EFF.P217.1380_log10_t2equad": -7.9507971426473105,
    "J1918-0642_EFF.S110.2487_efac": 0.5276154326065083,
    "J1918-0642_EFF.S110.2487_log10_t2equad": -5.583677452793728,
    "J1918-0642_JBO.ROACH.1520_efac": 0.9655238565741925,
    "J1918-0642_JBO.ROACH.1520_log10_t2equad": -6.332914721246314,
    "J1918-0642_LEAP.1396_efac": 0.6781781812273364,
    "J1918-0642_LEAP.1396_log10_t2equad": -5.796154707117647,
    "J1918-0642_NRT.NUPPI.1484_efac": 0.831041493837829,
    "J1918-0642_NRT.NUPPI.1484_log10_t2equad": -6.636962947462052,
    "J1918-0642_WSRT.P2.1380_efac": 0.9493532309055206,
    "J1918-0642_WSRT.P2.1380_log10_t2equad": -7.45893781848895,
    "J1918-0642_dm_gp_gamma": 4.801012132379067,
    "J1918-0642_dm_gp_log10_A": -12.92023363513349
}