{
    "J2124-3358_GM_GWB_1460_100_b1_pre36_efac": 0.9055006757678055,
    "J2124-3358_GM_GWB_1460_100_b1_pre36_log10_t2equad": -7.276414865345842,
    "J2124-3358_GM_GWB_1460_200_b0_post36_efac": 1.0543768076844044,
    "J2124-3358_GM_GWB_1460_200_b0_post36_log10_t2equad": -8.913699841588688,
    "J2124-3358_GM_GWB_500_100_b1_pre36_efac": 0.9813682693687988,
    "J2124-3358_GM_GWB_500_100_b1_pre36_log10_t2equad": -8.788115623129155,
    "J2124-3358_GM_GWB_500_200_b1_post36_efac": 1.8145663539663957,
    "J2124-3358_GM_GWB_500_200_b1_post36_log10_t2equad": -6.344947287996085,
    "J2124-3358_JBO.ROACH.1520_efac": 1.142849894923584,
    "J2124-3358_JBO.ROACH.1520_log10_t2equad": -8.009887551789085,
    "J2124-3358_NRT.NUPPI.1484_efac": 0.837269868631684,
    "J2124-3358_NRT.NUPPI.1484_log10_t2equad": -6.665804577287515,
    "J2124-3358_NRT.NUPPI.1854_efac": 0.9157704639450532,
    "J2124-3358_NRT.NUPPI.1854_log10_t2equad": -5.636812161558669,
    "J2124-3358_NRT.NUPPI.2154_efac": 1.1462769945344726,
    "J2124-3358_NRT.NUPPI.2154_log10_t2equad": -5.58064494479039,
    "J2124-3358_NRT.NUPPI.2539_efac": 0.6252600674461221,
    "J2124-3358_NRT.NUPPI.2539_log10_t2equad": -7.6915152791938155,
    "J2124-3358_dm_gp_gamma": 2.2279969624725817,
    "J2124-3358_dm_gp_log10_A": -11.559872020879052
}