{
    "J0030+0451_EFF.EBPP.1360_efac": 1.04656,
    "J0030+0451_EFF.EBPP.1360_log10_t2equad": -7.78733,
    "J0030+0451_EFF.EBPP.1410_efac": 0.72869,
    "J0030+0451_EFF.EBPP.1410_log10_t2equad": -5.88442,
    "J0030+0451_EFF.EBPP.2639_efac": 1.18786,
    "J0030+0451_EFF.EBPP.2639_log10_t2equad": -8.88499,
    "J0030+0451_EFF.P200.1380_efac": 1.20779,
    "J0030+0451_EFF.P200.1380_log10_t2equad": -8.02046,
    "J0030+0451_EFF.P217.1380_efac": 0.897509,
    "J0030+0451_EFF.P217.1380_log10_t2equad": -6.35563,
    "J0030+0451_EFF.PS110.2487_efac": 0.91086,
    "J0030+0451_EFF.PS110.2487_log10_t2equad": -7.64491,
    "J0030+0451_JBO.ROACH.1520_efac": 1.09153,
    "J0030+0451_JBO.ROACH.1520_log10_t2equad": -6.31119,
    "J0030+0451_LEAP.1396_efac": 1.40997,
    "J0030+0451_LEAP.1396_log10_t2equad": -7.98653,
    "J0030+0451_NRT.BON.1400_efac": 1.1173,
    "J0030+0451_NRT.BON.1400_log10_t2equad": -5.94409,
    "J0030+0451_NRT.BON.1600_efac": 1.53744,
    "J0030+0451_NRT.BON.1600_log10_t2equad": -7.31421,
    "J0030+0451_NRT.BON.2000_efac": 1.37246,
    "J0030+0451_NRT.BON.2000_log10_t2equad": -8.61065,
    "J0030+0451_NRT.NUPPI.1484_efac": 0.779933,
    "J0030+0451_NRT.NUPPI.1484_log10_t2equad": -7.97345,
    "J0030+0451_NRT.NUPPI.1854_efac": 1.01897,
    "J0030+0451_NRT.NUPPI.1854_log10_t2equad": -6.95149,
    "J0030+0451_WSRT.P2.1380_efac": 0.725832,
    "J0030+0451_WSRT.P2.1380_log10_t2equad": -5.28371,
    "J0030+0451_red_noise_gamma": 5.70872,
    "J0030+0451_red_noise_log10_A": -15.1794
}