{
    "J1012+5307_EFF.EBPP.1360_efac": 0.572441,
    "J1012+5307_EFF.EBPP.1360_log10_t2equad": -5.67368,
    "J1012+5307_EFF.EBPP.1410_efac": 0.972547,
    "J1012+5307_EFF.EBPP.1410_log10_t2equad": -6.5461,
    "J1012+5307_EFF.EBPP.2639_efac": 0.923312,
    "J1012+5307_EFF.EBPP.2639_log10_t2equad": -6.47671,
    "J1012+5307_EFF.P200.1380_efac": 1.13032,
    "J1012+5307_EFF.P200.1380_log10_t2equad": -7.89108,
    "J1012+5307_EFF.P217.1380_efac": 1.10297,
    "J1012+5307_EFF.P217.1380_log10_t2equad": -8.0807,
    "J1012+5307_EFF.S110.2487_efac": 1.27915,
    "J1012+5307_EFF.S110.2487_log10_t2equad": -7.90224,
    "J1012+5307_EFF.S60.4857_efac": 0.98274,
    "J1012+5307_EFF.S60.4857_log10_t2equad": -6.65895,
    "J1012+5307_JBO.DFB.1400_efac": 0.831155,
    "J1012+5307_JBO.DFB.1400_log10_t2equad": -8.24036,
    "J1012+5307_JBO.DFB.1520_efac": 0.974295,
    "J1012+5307_JBO.DFB.1520_log10_t2equad": -8.5407,
    "J1012+5307_JBO.ROACH.1520_efac": 0.921618,
    "J1012+5307_JBO.ROACH.1520_log10_t2equad": -6.17141,
    "J1012+5307_LEAP.1396_efac": 1.39843,
    "J1012+5307_LEAP.1396_log10_t2equad": -8.68942,
    "J1012+5307_NRT.BON.1400_efac": 1.22284,
    "J1012+5307_NRT.BON.1400_log10_t2equad": -7.92352,
    "J1012+5307_NRT.BON.1600_efac": 1.52993,
    "J1012+5307_NRT.BON.1600_log10_t2equad": -6.68652,
    "J1012+5307_NRT.BON.2000_efac": 0.950985,
    "J1012+5307_NRT.BON.2000_log10_t2equad": -8.16075,
    "J1012+5307_NRT.NUPPI.1484_efac": 0.843127,
    "J1012+5307_NRT.NUPPI.1484_log10_t2equad": -6.74007,
    "J1012+5307_NRT.NUPPI.1854_efac": 0.843649,
    "J1012+5307_NRT.NUPPI.1854_log10_t2equad": -6.98318,
    "J1012+5307_NRT.NUPPI.2539_efac": 0.811817,
    "J1012+5307_NRT.NUPPI.2539_log10_t2equad": -7.06243,
    "J1012+5307_WSRT.P1.1380.1_efac": 0.833651,
    "J1012+5307_WSRT.P1.1380.1_log10_t2equad": -6.26494,
    "J1012+5307_WSRT.P1.1380.2_efac": 0.962462,
    "J1012+5307_WSRT.P1.1380.2_log10_t2equad": -8.02337,
    "J1012+5307_WSRT.P1.328_efac": 1.2421,
    "J1012+5307_WSRT.P1.328_log10_t2equad": -7.34699,
    "J1012+5307_WSRT.P1.382_efac": 1.07732,
    "J1012+5307_WSRT.P1.382_log10_t2equad": -7.19647,
    "J1012+5307_WSRT.P2.1380_efac": 1.04758,
    "J1012+5307_WSRT.P2.1380_log10_t2equad": -8.37406,
    "J1012+5307_WSRT.P2.350_efac": 1.15619,
    "J1012+5307_WSRT.P2.350_log10_t2equad": -7.06958,
    "J1012+5307_dm_gp_gamma": 1.61609,
    "J1012+5307_dm_gp_log10_A": -11.963,
    "J1012+5307_red_noise_gamma": 1.20001,
    "J1012+5307_red_noise_log10_A": -13.0459
}