{
    "J1022+1001_EFF.EBPP.1360_efac": 0.855546,
    "J1022+1001_EFF.EBPP.1360_log10_t2equad": -5.87154,
    "J1022+1001_EFF.EBPP.1410_efac": 0.70828,
    "J1022+1001_EFF.EBPP.1410_log10_t2equad": -5.73785,
    "J1022+1001_EFF.EBPP.2639_efac": 1.3266,
    "J1022+1001_EFF.EBPP.2639_log10_t2equad": -5.66877,
    "J1022+1001_EFF.P200.1380_efac": 0.815841,
    "J1022+1001_EFF.P200.1380_log10_t2equad": -6.76334,
    "J1022+1001_EFF.P217.1380_efac": 0.731191,
    "J1022+1001_EFF.P217.1380_log10_t2equad": -7.13988,
    "J1022+1001_EFF.S110.2487_efac": 0.884397,
    "J1022+1001_EFF.S110.2487_log10_t2equad": -7.3333,
    "J1022+1001_EFF.S60.4857_efac": 1.54923,
    "J1022+1001_EFF.S60.4857_log10_t2equad": -6.63415,
    "J1022+1001_JBO.DFB.1400_efac": 1.01279,
    "J1022+1001_JBO.DFB.1400_log10_t2equad": -7.62111,
    "J1022+1001_JBO.DFB.1520_efac": 0.949153,
    "J1022+1001_JBO.DFB.1520_log10_t2equad": -5.62581,
    "J1022+1001_JBO.ROACH.1520_efac": 1.07515,
    "J1022+1001_JBO.ROACH.1520_log10_t2equad": -5.77927,
    "J1022+1001_LEAP.1396_efac": 2.01721,
    "J1022+1001_LEAP.1396_log10_t2equad": -6.41918,
    "J1022+1001_NRT.BON.1400_efac": 0.954581,
    "J1022+1001_NRT.BON.1400_log10_t2equad": -5.92745,
    "J1022+1001_NRT.NUPPI.1484_efac": 0.819247,
    "J1022+1001_NRT.NUPPI.1484_log10_t2equad": -6.11167,
    "J1022+1001_WSRT.P1.1380_efac": 0.812578,
    "J1022+1001_WSRT.P1.1380_log10_t2equad": -5.95616,
    "J1022+1001_WSRT.P1.323_efac": 1.96667,
    "J1022+1001_WSRT.P1.323_log10_t2equad": -7.03463,
    "J1022+1001_WSRT.P1.367_efac": 1.57303,
    "J1022+1001_WSRT.P1.367_log10_t2equad": -8.85217,
    "J1022+1001_WSRT.P2.1380_efac": 1.096,
    "J1022+1001_WSRT.P2.1380_log10_t2equad": -5.71244,
    "J1022+1001_dm_gp_gamma": 0.0160615,
    "J1022+1001_dm_gp_log10_A": -11.5809,
    "J1022+1001_red_noise_gamma": 3.0519,
    "J1022+1001_red_noise_log10_A": -13.7668
}