{
    "J1600-3053_EFF.P200.1380_efac": 0.915275,
    "J1600-3053_EFF.P200.1380_log10_t2equad": -7.80121,
    "J1600-3053_EFF.P217.1380_efac": 1.91027,
    "J1600-3053_EFF.P217.1380_log10_t2equad": -5.57094,
    "J1600-3053_EFF.S110.2487_efac": 1.07098,
    "J1600-3053_EFF.S110.2487_log10_t2equad": -8.36707,
    "J1600-3053_JBO.ROACH.1520_efac": 1.06333,
    "J1600-3053_JBO.ROACH.1520_log10_t2equad": -8.20715,
    "J1600-3053_LEAP.1396_efac": 1.56934,
    "J1600-3053_LEAP.1396_log10_t2equad": -6.5485,
    "J1600-3053_NRT.BON.1400_efac": 1.2552,
    "J1600-3053_NRT.BON.1400_log10_t2equad": -8.42694,
    "J1600-3053_NRT.BON.1600_efac": 0.978369,
    "J1600-3053_NRT.BON.1600_log10_t2equad": -7.75115,
    "J1600-3053_NRT.BON.2000_efac": 1.26379,
    "J1600-3053_NRT.BON.2000_log10_t2equad": -7.96793,
    "J1600-3053_NRT.NUPPI.1484_efac": 0.711369,
    "J1600-3053_NRT.NUPPI.1484_log10_t2equad": -6.93825,
    "J1600-3053_NRT.NUPPI.1854_efac": 0.668859,
    "J1600-3053_NRT.NUPPI.1854_log10_t2equad": -7.71141,
    "J1600-3053_NRT.NUPPI.2154_efac": 0.732723,
    "J1600-3053_NRT.NUPPI.2154_log10_t2equad": -7.45397,
    "J1600-3053_NRT.NUPPI.2539_efac": 0.778746,
    "J1600-3053_NRT.NUPPI.2539_log10_t2equad": -7.01432,
    "J1600-3053_WSRT.P1.1380.C_efac": 1.34641,
    "J1600-3053_WSRT.P1.1380.C_log10_t2equad": -6.86416,
    "J1600-3053_WSRT.P2.1380_efac": 0.78609,
    "J1600-3053_WSRT.P2.1380_log10_t2equad": -5.95573,
    "J1600-3053_dm_gp_gamma": 3.88603,
    "J1600-3053_dm_gp_log10_A": -12.1802
}