{
    "J1713+0747_EFF.EBPP.1360_efac": 0.79089,
    "J1713+0747_EFF.EBPP.1360_log10_t2equad": -6.15187,
    "J1713+0747_EFF.EBPP.1410_efac": 1.05989,
    "J1713+0747_EFF.EBPP.1410_log10_t2equad": -6.58944,
    "J1713+0747_EFF.EBPP.2639_efac": 0.967993,
    "J1713+0747_EFF.EBPP.2639_log10_t2equad": -6.69478,
    "J1713+0747_EFF.P200.1380_efac": 0.791399,
    "J1713+0747_EFF.P200.1380_log10_t2equad": -6.78641,
    "J1713+0747_EFF.P217.1380_efac": 1.10757,
    "J1713+0747_EFF.P217.1380_log10_t2equad": -6.69564,
    "J1713+0747_EFF.S110.2487_efac": 1.80812,
    "J1713+0747_EFF.S110.2487_log10_t2equad": -8.7298,
    "J1713+0747_EFF.S60.4857_efac": 1.22779,
    "J1713+0747_EFF.S60.4857_log10_t2equad": -7.87529,
    "J1713+0747_JBO.DFB.1400_efac": 1.03766,
    "J1713+0747_JBO.DFB.1400_log10_t2equad": -5.93315,
    "J1713+0747_JBO.DFB.1520_efac": 1.14868,
    "J1713+0747_JBO.DFB.1520_log10_t2equad": -6.48586,
    "J1713+0747_JBO.MK2.1520_efac": 0.91633,
    "J1713+0747_JBO.MK2.1520_log10_t2equad": -8.13463,
    "J1713+0747_JBO.ROACH.1520_efac": 0.870019,
    "J1713+0747_JBO.ROACH.1520_log10_t2equad": -6.54144,
    "J1713+0747_LEAP.1396_efac": 1.23491,
    "J1713+0747_LEAP.1396_log10_t2equad": -6.68219,
    "J1713+0747_NRT.BON.1400_efac": 1.05747,
    "J1713+0747_NRT.BON.1400_log10_t2equad": -6.55205,
    "J1713+0747_NRT.BON.1600_efac": 0.783071,
    "J1713+0747_NRT.BON.1600_log10_t2equad": -8.31736,
    "J1713+0747_NRT.BON.2000_efac": 1.29342,
    "J1713+0747_NRT.BON.2000_log10_t2equad": -7.33607,
    "J1713+0747_NRT.NUPPI.1484_efac": 0.797226,
    "J1713+0747_NRT.NUPPI.1484_log10_t2equad": -7.13062,
    "J1713+0747_NRT.NUPPI.1854_efac": 0.653491,
    "J1713+0747_NRT.NUPPI.1854_log10_t2equad": -8.83589,
    "J1713+0747_NRT.NUPPI.2539_efac": 0.834083,
    "J1713+0747_NRT.NUPPI.2539_log10_t2equad": -6.87783,
    "J1713+0747_WSRT.P1.1380.1_efac": 0.535914,
    "J1713+0747_WSRT.P1.1380.1_log10_t2equad": -7.99004,
    "J1713+0747_WSRT.P1.1380.2_efac": 0.580763,
    "J1713+0747_WSRT.P1.1380.2_log10_t2equad": -7.26312,
    "J1713+0747_WSRT.P1.2273.C_efac": 1.14374,
    "J1713+0747_WSRT.P1.2273.C_log10_t2equad": -6.63658,
    "J1713+0747_WSRT.P1.840_efac": 0.920685,
    "J1713+0747_WSRT.P1.840_log10_t2equad": -7.11868,
    "J1713+0747_WSRT.P2.1380_efac": 1.12019,
    "J1713+0747_WSRT.P2.1380_log10_t2equad": -8.04343,
    "J1713+0747_WSRT.P2.2273_efac": 0.697654,
    "J1713+0747_WSRT.P2.2273_log10_t2equad": -6.95731,
    "J1713+0747_WSRT.P2.350_efac": 0.931058,
    "J1713+0747_WSRT.P2.350_log10_t2equad": -6.97885,
    "J1713+0747_dm_gp_gamma": 1.63007,
    "J1713+0747_dm_gp_log10_A": -11.861,
    "J1713+0747_red_noise_gamma": 2.75807,
    "J1713+0747_red_noise_log10_A": -13.9466
}