{
    "J1744-1134_EFF.EBPP.1360_efac": 0.707873,
    "J1744-1134_EFF.EBPP.1360_log10_t2equad": -7.72978,
    "J1744-1134_EFF.EBPP.1410_efac": 0.948707,
    "J1744-1134_EFF.EBPP.1410_log10_t2equad": -6.31188,
    "J1744-1134_EFF.EBPP.2639_efac": 0.763283,
    "J1744-1134_EFF.EBPP.2639_log10_t2equad": -6.10129,
    "J1744-1134_EFF.P200.1380_efac": 1.3038,
    "J1744-1134_EFF.P200.1380_log10_t2equad": -6.12069,
    "J1744-1134_EFF.P217.1380_efac": 1.17259,
    "J1744-1134_EFF.P217.1380_log10_t2equad": -6.64453,
    "J1744-1134_EFF.S110.2487_efac": 1.22459,
    "J1744-1134_EFF.S110.2487_log10_t2equad": -8.4433,
    "J1744-1134_EFF.S60.4857_efac": 1.12523,
    "J1744-1134_EFF.S60.4857_log10_t2equad": -8.80262,
    "J1744-1134_JBO.DFB.1520_efac": 0.962967,
    "J1744-1134_JBO.DFB.1520_log10_t2equad": -6.27361,
    "J1744-1134_JBO.ROACH.1520_efac": 1.16522,
    "J1744-1134_JBO.ROACH.1520_log10_t2equad": -6.47529,
    "J1744-1134_LEAP.1396_efac": 1.39539,
    "J1744-1134_LEAP.1396_log10_t2equad": -6.37091,
    "J1744-1134_NRT.BON.1400_efac": 1.3743,
    "J1744-1134_NRT.BON.1400_log10_t2equad": -6.62562,
    "J1744-1134_NRT.BON.1600_efac": 0.844576,
    "J1744-1134_NRT.BON.1600_log10_t2equad": -6.21769,
    "J1744-1134_NRT.BON.2000_efac": 1.35094,
    "J1744-1134_NRT.BON.2000_log10_t2equad": -8.31237,
    "J1744-1134_NRT.NUPPI.1484_efac": 0.795473,
    "J1744-1134_NRT.NUPPI.1484_log10_t2equad": -6.67709,
    "J1744-1134_NRT.NUPPI.2539_efac": 0.618892,
    "J1744-1134_NRT.NUPPI.2539_log10_t2equad": -6.33063,
    "J1744-1134_WSRT.P1.323.C_efac": 1.16022,
    "J1744-1134_WSRT.P1.323.C_log10_t2equad": -8.24353,
    "J1744-1134_WSRT.P1.367.C_efac": 1.00363,
    "J1744-1134_WSRT.P1.367.C_log10_t2equad": -7.61199,
    "J1744-1134_WSRT.P2.1380_efac": 1.14315,
    "J1744-1134_WSRT.P2.1380_log10_t2equad": -6.55441,
    "J1744-1134_dm_gp_gamma": 0.92798,
    "J1744-1134_dm_gp_log10_A": -11.7726,
    "J1744-1134_red_noise_gamma": 6.44174,
    "J1744-1134_red_noise_log10_A": -16.1589
}