{
    "J1801-1417_JBO.DFB.1520_efac": 0.978882,
    "J1801-1417_JBO.DFB.1520_log10_t2equad": -8.51595,
    "J1801-1417_JBO.ROACH.1520_efac": 0.937855,
    "J1801-1417_JBO.ROACH.1520_log10_t2equad": -8.6537,
    "J1801-1417_NRT.BON.1400_efac": 1.38596,
    "J1801-1417_NRT.BON.1400_log10_t2equad": -8.38433,
    "J1801-1417_NRT.NUPPI.1484_efac": 0.587387,
    "J1801-1417_NRT.NUPPI.1484_log10_t2equad": -5.91357,
    "J1801-1417_dm_gp_gamma": 1.3281,
    "J1801-1417_dm_gp_log10_A": -10.6575
}