{
    "J1804-2717_JBO.DFB.1520_efac": 0.994178,
    "J1804-2717_JBO.DFB.1520_log10_t2equad": -7.63536,
    "J1804-2717_JBO.ROACH.1520_efac": 0.978044,
    "J1804-2717_JBO.ROACH.1520_log10_t2equad": -8.57462,
    "J1804-2717_NRT.BON.1400_efac": 0.969574,
    "J1804-2717_NRT.BON.1400_log10_t2equad": -6.38071,
    "J1804-2717_NRT.NUPPI.1484_efac": 0.796183,
    "J1804-2717_NRT.NUPPI.1484_log10_t2equad": -8.62058,
    "J1804-2717_dm_gp_gamma": 0.65558,
    "J1804-2717_dm_gp_log10_A": -11.1584
}