{
    "J1843-1113_EFF.P217.1380_efac": 0.902705,
    "J1843-1113_EFF.P217.1380_log10_t2equad": -8.75379,
    "J1843-1113_EFF.S110.2487_efac": 0.970201,
    "J1843-1113_EFF.S110.2487_log10_t2equad": -7.11176,
    "J1843-1113_JBO.DFB.1520_efac": 1.41854,
    "J1843-1113_JBO.DFB.1520_log10_t2equad": -6.73078,
    "J1843-1113_JBO.ROACH.1520_efac": 0.695794,
    "J1843-1113_JBO.ROACH.1520_log10_t2equad": -5.41796,
    "J1843-1113_NRT.BON.1400_efac": 1.29077,
    "J1843-1113_NRT.BON.1400_log10_t2equad": -8.294,
    "J1843-1113_NRT.NUPPI.1484_efac": 0.70374,
    "J1843-1113_NRT.NUPPI.1484_log10_t2equad": -6.61299,
    "J1843-1113_WSRT.P1.1380_efac": 1.14888,
    "J1843-1113_WSRT.P1.1380_log10_t2equad": -7.00336,
    "J1843-1113_WSRT.P2.1380_efac": 1.14379,
    "J1843-1113_WSRT.P2.1380_log10_t2equad": -7.51777,
    "J1843-1113_dm_gp_gamma": 1.97949,
    "J1843-1113_dm_gp_log10_A": -11.03
}