{
    "J1910+1256_JBO.DFB.1520_efac": 0.826382,
    "J1910+1256_JBO.DFB.1520_log10_t2equad": -7.42662,
    "J1910+1256_JBO.ROACH.1520_efac": 1.0438,
    "J1910+1256_JBO.ROACH.1520_log10_t2equad": -7.84045,
    "J1910+1256_NRT.BON.1400_efac": 1.05586,
    "J1910+1256_NRT.BON.1400_log10_t2equad": -8.50405,
    "J1910+1256_NRT.NUPPI.1484_efac": 0.816466,
    "J1910+1256_NRT.NUPPI.1484_log10_t2equad": -8.77574,
    "J1910+1256_dm_gp_gamma": 2.83895,
    "J1910+1256_dm_gp_log10_A": -11.647
}