{
    "J2124-3358_JBO.DFB.1520_efac": 1.22665,
    "J2124-3358_JBO.DFB.1520_log10_t2equad": -6.95907,
    "J2124-3358_JBO.ROACH.1520_efac": 1.16389,
    "J2124-3358_JBO.ROACH.1520_log10_t2equad": -5.45016,
    "J2124-3358_NRT.BON.1400_efac": 1.17249,
    "J2124-3358_NRT.BON.1400_log10_t2equad": -7.13078,
    "J2124-3358_NRT.BON.1600_efac": 1.53894,
    "J2124-3358_NRT.BON.1600_log10_t2equad": -6.62868,
    "J2124-3358_NRT.BON.2000_efac": 1.19794,
    "J2124-3358_NRT.BON.2000_log10_t2equad": -6.82216,
    "J2124-3358_NRT.NUPPI.1484_efac": 0.830102,
    "J2124-3358_NRT.NUPPI.1484_log10_t2equad": -8.63302,
    "J2124-3358_NRT.NUPPI.1854_efac": 0.7579,
    "J2124-3358_NRT.NUPPI.1854_log10_t2equad": -5.23988,
    "J2124-3358_NRT.NUPPI.2154_efac": 1.02153,
    "J2124-3358_NRT.NUPPI.2154_log10_t2equad": -5.77812,
    "J2124-3358_NRT.NUPPI.2539_efac": 0.768166,
    "J2124-3358_NRT.NUPPI.2539_log10_t2equad": -6.62717,
    "J2124-3358_dm_gp_gamma": 1.02835,
    "J2124-3358_dm_gp_log10_A": -11.4322
}