{
    "J0613-0200_EFF.P200.1380_efac": 1.2810562728735235,
    "J0613-0200_EFF.P200.1380_log10_tnequad": -7.688200368312655,
    "J0613-0200_EFF.P217.1380_efac": 1.2597018806785478,
    "J0613-0200_EFF.P217.1380_log10_tnequad": -6.956714232036004,
    "J0613-0200_EFF.S110.2487_efac": 1.2266737944057213,
    "J0613-0200_EFF.S110.2487_log10_tnequad": -6.526872383435261,
    "J0613-0200_JBO.ROACH.1520_efac": 0.911716114279691,
    "J0613-0200_JBO.ROACH.1520_log10_tnequad": -7.207738643749434,
    "J0613-0200_LEAP.1396_efac": 0.6820842370183298,
    "J0613-0200_LEAP.1396_log10_tnequad": -6.3944038538275905,
    "J0613-0200_NRT.NUPPI.1484_efac": 0.8277857078402245,
    "J0613-0200_NRT.NUPPI.1484_log10_tnequad": -8.60165405615579,
    "J0613-0200_NRT.NUPPI.1854_efac": 0.7089371243040629,
    "J0613-0200_NRT.NUPPI.1854_log10_tnequad": -8.634364542894792,
    "J0613-0200_NRT.NUPPI.2539_efac": 0.8444149024880875,
    "J0613-0200_NRT.NUPPI.2539_log10_tnequad": -8.131395892976768,
    "J0613-0200_WSRT.P2.1380_efac": 1.2794135321268916,
    "J0613-0200_WSRT.P2.1380_log10_tnequad": -7.7779273400896365,
    "J0613-0200_dm_gp_gamma": 0.8345455748294024,
    "J0613-0200_dm_gp_log10_A": -11.607202772926343
}