{
    "J1455-3330_JBO.ROACH.1520_efac": 0.8043700135371057,
    "J1455-3330_JBO.ROACH.1520_log10_tnequad": -8.694817396061016,
    "J1455-3330_NRT.NUPPI.1484_efac": 0.8407432349339051,
    "J1455-3330_NRT.NUPPI.1484_log10_tnequad": -8.47992369819152,
    "J1455-3330_NRT.NUPPI.1854_efac": 0.8338079763067537,
    "J1455-3330_NRT.NUPPI.1854_log10_tnequad": -5.868863195311095,
    "J1455-3330_NRT.NUPPI.2539_efac": 0.8883363918996182,
    "J1455-3330_NRT.NUPPI.2539_log10_tnequad": -6.287320180876826,
    "J1455-3330_rn_gamma": 1.594158094854064,
    "J1455-3330_rn_log10_A": -13.167580350291932
}