{
    "J1600-3053_EFF.P200.1380_efac": 0.9165710995742749,
    "J1600-3053_EFF.P200.1380_log10_tnequad": -8.78681028514216,
    "J1600-3053_EFF.P217.1380_efac": 1.7551021055815608,
    "J1600-3053_EFF.P217.1380_log10_tnequad": -5.519052538898048,
    "J1600-3053_EFF.S110.2487_efac": 1.1549168980036049,
    "J1600-3053_EFF.S110.2487_log10_tnequad": -7.59331811415248,
    "J1600-3053_JBO.ROACH.1520_efac": 1.217854326425572,
    "J1600-3053_JBO.ROACH.1520_log10_tnequad": -6.8630253018403256,
    "J1600-3053_LEAP.1396_efac": 1.9527327109252122,
    "J1600-3053_LEAP.1396_log10_tnequad": -8.096990503062509,
    "J1600-3053_NRT.NUPPI.1484_efac": 0.7353004001394867,
    "J1600-3053_NRT.NUPPI.1484_log10_tnequad": -6.9799998357772095,
    "J1600-3053_NRT.NUPPI.1854_efac": 0.9123422835055031,
    "J1600-3053_NRT.NUPPI.1854_log10_tnequad": -8.120215061110759,
    "J1600-3053_NRT.NUPPI.2154_efac": 0.749663602721091,
    "J1600-3053_NRT.NUPPI.2154_log10_tnequad": -8.795040948819464,
    "J1600-3053_NRT.NUPPI.2539_efac": 0.8038809724822832,
    "J1600-3053_NRT.NUPPI.2539_log10_tnequad": -7.793228746717177,
    "J1600-3053_WSRT.P2.1380_efac": 0.9704307198506573,
    "J1600-3053_WSRT.P2.1380_log10_tnequad": -6.63125782756769,
    "J1600-3053_cn_4.0_gp_gamma": 0.8343888769790895,
    "J1600-3053_cn_4.0_gp_log10_A": -13.39701317782501,
    "J1600-3053_dm_gp_gamma": 5.927443399367386,
    "J1600-3053_dm_gp_log10_A": -12.64585768919131
}