{
    "J1738+0333_EFF.P200.1380_efac": 1.2329115324118975,
    "J1738+0333_EFF.P200.1380_log10_tnequad": -6.79109245509378,
    "J1738+0333_EFF.P217.1380_efac": 0.8867280280191301,
    "J1738+0333_EFF.P217.1380_log10_tnequad": -7.93640722539657,
    "J1738+0333_JBO.ROACH.1520_efac": 0.7472756385097318,
    "J1738+0333_JBO.ROACH.1520_log10_tnequad": -5.43250967829,
    "J1738+0333_NRT.NUPPI.1484_efac": 0.8613738492525165,
    "J1738+0333_NRT.NUPPI.1484_log10_tnequad": -7.826039383135421,
    "J1738+0333_WSRT.P2.1380_efac": 1.1112003518112685,
    "J1738+0333_WSRT.P2.1380_log10_tnequad": -8.662202710812908,
    "J1738+0333_dm_gp_gamma": 0.7545849282079342,
    "J1738+0333_dm_gp_log10_A": -10.999891372949158
}