{
    "J1730-2304_JBO.ROACH.1520_efac": 1.0966895598937743,
    "J1730-2304_JBO.ROACH.1520_log10_tnequad": -8.76732339089998,
    "J1730-2304_NRT.NUPPI.1484_efac": 0.8936515336010582,
    "J1730-2304_NRT.NUPPI.1484_log10_tnequad": -7.092912342511541,
    "J1730-2304_NRT.NUPPI.2539_efac": 0.82955546014866,
    "J1730-2304_NRT.NUPPI.2539_log10_tnequad": -8.070483707308561,
    "J1730-2304_dm_gp_gamma": 2.574255332731802,
    "J1730-2304_dm_gp_log10_A": -12.010930513395028
}