{
    "J1801-1417_JBO.ROACH.1520_efac": 0.9864350427630586,
    "J1801-1417_JBO.ROACH.1520_log10_tnequad": -6.261181331261443,
    "J1801-1417_NRT.NUPPI.1484_efac": 0.7483157602884402,
    "J1801-1417_NRT.NUPPI.1484_log10_tnequad": -6.117048727714347,
    "J1801-1417_dm_gp_gamma": 2.0422142131426733,
    "J1801-1417_dm_gp_log10_A": -10.931906292405715
}