{
    "J1857+0943_EFF.P200.1380_efac": 0.8903961781606221,
    "J1857+0943_EFF.P200.1380_log10_tnequad": -8.08507027056367,
    "J1857+0943_EFF.P217.1380_efac": 0.5727944719143326,
    "J1857+0943_EFF.P217.1380_log10_tnequad": -5.651476519327127,
    "J1857+0943_EFF.S110.2487_efac": 0.8872282802497014,
    "J1857+0943_EFF.S110.2487_log10_tnequad": -5.5312698143074845,
    "J1857+0943_EFF.S60.4857_efac": 0.7349637319778864,
    "J1857+0943_EFF.S60.4857_log10_tnequad": -8.426628290626866,
    "J1857+0943_JBO.ROACH.1520_efac": 1.2238336779590848,
    "J1857+0943_JBO.ROACH.1520_log10_tnequad": -6.135956765069297,
    "J1857+0943_LEAP.1396_efac": 1.5409148049950512,
    "J1857+0943_LEAP.1396_log10_tnequad": -6.855223837221721,
    "J1857+0943_NRT.NUPPI.1484_efac": 0.9416000131448992,
    "J1857+0943_NRT.NUPPI.1484_log10_tnequad": -8.900236976699127,
    "J1857+0943_NRT.NUPPI.2539_efac": 0.9509516872455311,
    "J1857+0943_NRT.NUPPI.2539_log10_tnequad": -8.33485330361282,
    "J1857+0943_WSRT.P2.1380_efac": 0.9497468011319526,
    "J1857+0943_WSRT.P2.1380_log10_tnequad": -8.621053689913959,
    "J1857+0943_dm_gp_gamma": 5.545942480209639,
    "J1857+0943_dm_gp_log10_A": -12.876239417555515
}