{
    "J1909-3744_NRT.NUPPI.1484_efac": 0.8540704265946855,
    "J1909-3744_NRT.NUPPI.1484_log10_tnequad": -7.415073878834863,
    "J1909-3744_NRT.NUPPI.1854_efac": 0.7676705441810963,
    "J1909-3744_NRT.NUPPI.1854_log10_tnequad": -7.120859176440731,
    "J1909-3744_NRT.NUPPI.2154_efac": 1.03247195323751,
    "J1909-3744_NRT.NUPPI.2154_log10_tnequad": -7.230582195698377,
    "J1909-3744_NRT.NUPPI.2539_efac": 0.7010197803207379,
    "J1909-3744_NRT.NUPPI.2539_log10_tnequad": -6.971700069604973,
    "J1909-3744_dm_gp_gamma": 1.5368658877567616,
    "J1909-3744_dm_gp_log10_A": -11.91635160329091,
    "J1909-3744_rn_gamma": 6.933877557162086,
    "J1909-3744_rn_log10_A": -15.475277225160227
}