{
    "J1911+1347_EFF.P200.1380_efac": 0.8761134222727486,
    "J1911+1347_EFF.P200.1380_log10_tnequad": -6.325898247530114,
    "J1911+1347_EFF.P217.1380_efac": 1.4282541670316486,
    "J1911+1347_EFF.P217.1380_log10_tnequad": -8.972867072178717,
    "J1911+1347_EFF.S110.2487_efac": 1.6558234534679714,
    "J1911+1347_EFF.S110.2487_log10_tnequad": -5.8910997224670405,
    "J1911+1347_JBO.ROACH.1520_efac": 0.8120162030722926,
    "J1911+1347_JBO.ROACH.1520_log10_tnequad": -5.504056196974953,
    "J1911+1347_NRT.NUPPI.1484_efac": 0.8145191417597308,
    "J1911+1347_NRT.NUPPI.1484_log10_tnequad": -8.815757478736355,
    "J1911+1347_dm_gp_gamma": 3.489644128340629,
    "J1911+1347_dm_gp_log10_A": -11.90774384667674
}