{
    "J2124-3358_JBO.ROACH.1520_efac": 1.3225391415374796,
    "J2124-3358_JBO.ROACH.1520_log10_tnequad": -8.02686408638112,
    "J2124-3358_NRT.NUPPI.1484_efac": 0.8358609453728573,
    "J2124-3358_NRT.NUPPI.1484_log10_tnequad": -8.868578577184497,
    "J2124-3358_NRT.NUPPI.1854_efac": 0.808915114390453,
    "J2124-3358_NRT.NUPPI.1854_log10_tnequad": -5.254878544747536,
    "J2124-3358_NRT.NUPPI.2154_efac": 1.128419743531647,
    "J2124-3358_NRT.NUPPI.2154_log10_tnequad": -7.4274298640233125,
    "J2124-3358_NRT.NUPPI.2539_efac": 0.6632723665048084,
    "J2124-3358_NRT.NUPPI.2539_log10_tnequad": -5.366358828495574,
    "J2124-3358_dm_gp_gamma": 2.5304117110978233,
    "J2124-3358_dm_gp_log10_A": -11.881138891428321
}