{
    "J0030+0451_EFF.P200.1380_efac": 1.1045950948818555,
    "J0030+0451_EFF.P200.1380_log10_tnequad": -6.168262261771374,
    "J0030+0451_EFF.P217.1380_efac": 0.848194739410362,
    "J0030+0451_EFF.P217.1380_log10_tnequad": -7.898145381752085,
    "J0030+0451_EFF.PS110.2487_efac": 0.9443048546615437,
    "J0030+0451_EFF.PS110.2487_log10_tnequad": -6.263274196060782,
    "J0030+0451_JBO.ROACH.1520_efac": 0.9184905449812792,
    "J0030+0451_JBO.ROACH.1520_log10_tnequad": -6.873679824259591,
    "J0030+0451_LEAP.1396_efac": 1.4194567362018933,
    "J0030+0451_LEAP.1396_log10_tnequad": -7.035431021176787,
    "J0030+0451_NRT.NUPPI.1484_efac": 0.776131390132143,
    "J0030+0451_NRT.NUPPI.1484_log10_tnequad": -7.984517962133032,
    "J0030+0451_NRT.NUPPI.1854_efac": 1.1089143495690343,
    "J0030+0451_NRT.NUPPI.1854_log10_tnequad": -6.4987472770497625,
    "J0030+0451_WSRT.P2.1380_efac": 0.3381260667250748,
    "J0030+0451_WSRT.P2.1380_log10_tnequad": -5.25577145703114,
    "J0030+0451_rn_gamma": 6.844651048908476,
    "J0030+0451_rn_log10_A": -15.611390709499512
}