{
    "J1022+1001_EFF.P200.1380_efac": 0.7039406827318405,
    "J1022+1001_EFF.P200.1380_log10_tnequad": -7.162152051767923,
    "J1022+1001_EFF.P217.1380_efac": 0.7995734506294323,
    "J1022+1001_EFF.P217.1380_log10_tnequad": -7.229683097773357,
    "J1022+1001_EFF.S110.2487_efac": 0.8678279914914524,
    "J1022+1001_EFF.S110.2487_log10_tnequad": -6.549499932733291,
    "J1022+1001_EFF.S60.4857_efac": 1.6971062712248877,
    "J1022+1001_EFF.S60.4857_log10_tnequad": -8.215038978780528,
    "J1022+1001_GM_GWB_1460_100_b1_pre36_efac": 0.9785307073774109,
    "J1022+1001_GM_GWB_1460_100_b1_pre36_log10_tnequad": -6.002664928450688,
    "J1022+1001_GM_GWB_1460_200_b0_post36_efac": 0.8949117132189413,
    "J1022+1001_GM_GWB_1460_200_b0_post36_log10_tnequad": -7.065694237798453,
    "J1022+1001_GM_GWB_500_100_b1_pre36_efac": 0.8344541005942266,
    "J1022+1001_GM_GWB_500_100_b1_pre36_log10_tnequad": -5.226471341223459,
    "J1022+1001_GM_GWB_500_200_b1_post36_efac": 1.4991730932670428,
    "J1022+1001_GM_GWB_500_200_b1_post36_log10_tnequad": -5.224064142996189,
    "J1022+1001_JBO.ROACH.1520_efac": 1.2415320444465865,
    "J1022+1001_JBO.ROACH.1520_log10_tnequad": -5.883655347153739,
    "J1022+1001_LEAP.1396_efac": 2.128845725555189,
    "J1022+1001_LEAP.1396_log10_tnequad": -6.498416295834614,
    "J1022+1001_NRT.NUPPI.1484_efac": 0.812300042278912,
    "J1022+1001_NRT.NUPPI.1484_log10_tnequad": -6.155807242633967,
    "J1022+1001_WSRT.P2.1380_efac": 0.8369015024301917,
    "J1022+1001_WSRT.P2.1380_log10_tnequad": -5.750358781216949,
    "J1022+1001_dm_gp_gamma": 0.33636068528947605,
    "J1022+1001_dm_gp_log10_A": -11.400127230432545,
    "J1022+1001_rn_gamma": 2.6900006050810394,
    "J1022+1001_rn_log10_A": -14.484368180451382
}