{
    "J1713+0747_EFF.P200.1380_efac": 1.00992054961412,
    "J1713+0747_EFF.P200.1380_log10_tnequad": -6.705823469896107,
    "J1713+0747_EFF.P217.1380_efac": 1.010270077142788,
    "J1713+0747_EFF.P217.1380_log10_tnequad": -6.68174263729708,
    "J1713+0747_EFF.S110.2487_efac": 1.7999891952377212,
    "J1713+0747_EFF.S110.2487_log10_tnequad": -7.523854219973024,
    "J1713+0747_EFF.S60.4857_efac": 1.225452486537001,
    "J1713+0747_EFF.S60.4857_log10_tnequad": -7.374930156849503,
    "J1713+0747_GM_GWB_1460_100_b1_pre36_efac": 1.108863014578294,
    "J1713+0747_GM_GWB_1460_100_b1_pre36_log10_tnequad": -7.790944635102901,
    "J1713+0747_GM_GWB_1460_200_b0_post36_efac": 0.6499704988401943,
    "J1713+0747_GM_GWB_1460_200_b0_post36_log10_tnequad": -8.128016497446227,
    "J1713+0747_GM_GWB_500_100_b1_pre36_efac": 0.9127330501678429,
    "J1713+0747_GM_GWB_500_100_b1_pre36_log10_tnequad": -5.128077001915178,
    "J1713+0747_GM_GWB_500_200_b1_post36_efac": 1.0000641397488303,
    "J1713+0747_GM_GWB_500_200_b1_post36_log10_tnequad": -7.559353403312446,
    "J1713+0747_JBO.MK2.1520_efac": 0.9592208343471497,
    "J1713+0747_JBO.MK2.1520_log10_tnequad": -8.47318212481938,
    "J1713+0747_JBO.ROACH.1520_efac": 0.8657477654708399,
    "J1713+0747_JBO.ROACH.1520_log10_tnequad": -6.589361716463823,
    "J1713+0747_LEAP.1396_efac": 1.058086581083783,
    "J1713+0747_LEAP.1396_log10_tnequad": -6.6729048077921105,
    "J1713+0747_NRT.NUPPI.1484_efac": 0.7955828882017629,
    "J1713+0747_NRT.NUPPI.1484_log10_tnequad": -7.126312068085846,
    "J1713+0747_NRT.NUPPI.1854_efac": 0.6937302693732643,
    "J1713+0747_NRT.NUPPI.1854_log10_tnequad": -8.827483912495095,
    "J1713+0747_NRT.NUPPI.2539_efac": 0.8734375100496083,
    "J1713+0747_NRT.NUPPI.2539_log10_tnequad": -6.930928956578204,
    "J1713+0747_WSRT.P2.1380_efac": 1.0717888079854798,
    "J1713+0747_WSRT.P2.1380_log10_tnequad": -7.006431033311733,
    "J1713+0747_WSRT.P2.2273_efac": 0.7944072638494927,
    "J1713+0747_WSRT.P2.2273_log10_tnequad": -6.772703877838008,
    "J1713+0747_WSRT.P2.350_efac": 0.7605423279718005,
    "J1713+0747_WSRT.P2.350_log10_tnequad": -7.050016307930592,
    "J1713+0747_dm_gp_gamma": 1.5965582885468848,
    "J1713+0747_dm_gp_log10_A": -12.064339094553471,
    "J1713+0747_expd-1.0_57490_57530_log10_Amp": -5.8232780067794465,
    "J1713+0747_expd-1.0_57490_57530_log10_tau": 1.3002560493930726,
    "J1713+0747_expd-1.0_57490_57530_t0": 57514.023698992336,
    "J1713+0747_rn_gamma": 2.0065986006121093,
    "J1713+0747_rn_log10_A": -13.909097374750777
}