{
    "J1751-2857_JBO.ROACH.1520_efac": 0.7549920950094138,
    "J1751-2857_JBO.ROACH.1520_log10_tnequad": -8.984319052277996,
    "J1751-2857_NRT.NUPPI.1484_efac": 0.7531123951282895,
    "J1751-2857_NRT.NUPPI.1484_log10_tnequad": -8.842148621404872,
    "J1751-2857_dm_gp_gamma": 0.19741091416403347,
    "J1751-2857_dm_gp_log10_A": -10.925902756771325
}