{
    "J1804-2717_JBO.ROACH.1520_efac": 1.0057404787686226,
    "J1804-2717_JBO.ROACH.1520_log10_tnequad": -8.517548525232066,
    "J1804-2717_NRT.NUPPI.1484_efac": 0.8049270400445149,
    "J1804-2717_NRT.NUPPI.1484_log10_tnequad": -7.738473879868597,
    "J1804-2717_dm_gp_gamma": 0.5309437544140644,
    "J1804-2717_dm_gp_log10_A": -11.218382407186564
}