{
    "J1843-1113_EFF.P217.1380_efac": 1.1814583391980884,
    "J1843-1113_EFF.P217.1380_log10_tnequad": -7.348379374130354,
    "J1843-1113_EFF.S110.2487_efac": 0.8510196074666396,
    "J1843-1113_EFF.S110.2487_log10_tnequad": -7.178804349666641,
    "J1843-1113_JBO.ROACH.1520_efac": 0.5085959354688436,
    "J1843-1113_JBO.ROACH.1520_log10_tnequad": -5.297139966908785,
    "J1843-1113_NRT.NUPPI.1484_efac": 0.7483857925666096,
    "J1843-1113_NRT.NUPPI.1484_log10_tnequad": -8.20133231501511,
    "J1843-1113_WSRT.P2.1380_efac": 1.0406588880071412,
    "J1843-1113_WSRT.P2.1380_log10_tnequad": -6.567219495870018,
    "J1843-1113_dm_gp_gamma": 2.7863497403716773,
    "J1843-1113_dm_gp_log10_A": -11.047310684843717
}