{
    "J1857+0943_EFF.P200.1380_efac": 1.0244308039253627,
    "J1857+0943_EFF.P200.1380_log10_tnequad": -8.488516633807185,
    "J1857+0943_EFF.P217.1380_efac": 1.1296066711188208,
    "J1857+0943_EFF.P217.1380_log10_tnequad": -8.89257168405038,
    "J1857+0943_EFF.S110.2487_efac": 1.4027052189548377,
    "J1857+0943_EFF.S110.2487_log10_tnequad": -6.69582445201761,
    "J1857+0943_EFF.S60.4857_efac": 1.0037969434231262,
    "J1857+0943_EFF.S60.4857_log10_tnequad": -6.865458215856206,
    "J1857+0943_GM_GWB_1460_100_b1_pre36_efac": 0.6255011261621513,
    "J1857+0943_GM_GWB_1460_100_b1_pre36_log10_tnequad": -8.764069315199345,
    "J1857+0943_GM_GWB_1460_200_b0_post36_efac": 0.9707125703782973,
    "J1857+0943_GM_GWB_1460_200_b0_post36_log10_tnequad": -6.649592394621174,
    "J1857+0943_GM_GWB_500_100_b1_pre36_efac": 0.6501457383697774,
    "J1857+0943_GM_GWB_500_100_b1_pre36_log10_tnequad": -5.114258971047303,
    "J1857+0943_GM_GWB_500_200_b1_post36_efac": 0.6818096614809838,
    "J1857+0943_GM_GWB_500_200_b1_post36_log10_tnequad": -5.368477780122042,
    "J1857+0943_JBO.ROACH.1520_efac": 1.0021239854619632,
    "J1857+0943_JBO.ROACH.1520_log10_tnequad": -6.349396971917708,
    "J1857+0943_LEAP.1396_efac": 1.3944879416267666,
    "J1857+0943_LEAP.1396_log10_tnequad": -6.527694009006226,
    "J1857+0943_NRT.NUPPI.1484_efac": 0.9723077132522564,
    "J1857+0943_NRT.NUPPI.1484_log10_tnequad": -7.98975522317898,
    "J1857+0943_NRT.NUPPI.2539_efac": 0.8215418527058199,
    "J1857+0943_NRT.NUPPI.2539_log10_tnequad": -7.159575966246987,
    "J1857+0943_WSRT.P2.1380_efac": 0.9407133207930864,
    "J1857+0943_WSRT.P2.1380_log10_tnequad": -7.247366698420664,
    "J1857+0943_dm_gp_gamma": 4.199310081891934,
    "J1857+0943_dm_gp_log10_A": -12.175532053284565
}