{
    "J0613-0200_EFF.EBPP.1360_efac": 1.39521,
    "J0613-0200_EFF.EBPP.1360_log10_tnequad": -5.82983,
    "J0613-0200_EFF.EBPP.1410_efac": 1.08785,
    "J0613-0200_EFF.EBPP.1410_log10_tnequad": -8.90339,
    "J0613-0200_EFF.EBPP.2639_efac": 1.0881,
    "J0613-0200_EFF.EBPP.2639_log10_tnequad": -6.13897,
    "J0613-0200_EFF.P200.1380_efac": 1.07771,
    "J0613-0200_EFF.P200.1380_log10_tnequad": -7.77105,
    "J0613-0200_EFF.P217.1380_efac": 1.32704,
    "J0613-0200_EFF.P217.1380_log10_tnequad": -8.10451,
    "J0613-0200_EFF.S110.2487_efac": 1.2606,
    "J0613-0200_EFF.S110.2487_log10_tnequad": -6.98907,
    "J0613-0200_GM_GWB_1460_200_b0_post36_efac": 0.665728,
    "J0613-0200_GM_GWB_1460_200_b0_post36_log10_tnequad": -8.24118,
    "J0613-0200_GM_GWB_500_100_b1_pre36_efac": 0.749714,
    "J0613-0200_GM_GWB_500_100_b1_pre36_log10_tnequad": -5.41822,
    "J0613-0200_GM_GWB_500_200_b1_post36_efac": 1.15345,
    "J0613-0200_GM_GWB_500_200_b1_post36_log10_tnequad": -7.89298,
    "J0613-0200_JBO.DFB.1400_efac": 1.33043,
    "J0613-0200_JBO.DFB.1400_log10_tnequad": -7.10201,
    "J0613-0200_JBO.DFB.1520_efac": 1.06648,
    "J0613-0200_JBO.DFB.1520_log10_tnequad": -7.04886,
    "J0613-0200_JBO.ROACH.1520_efac": 1.02463,
    "J0613-0200_JBO.ROACH.1520_log10_tnequad": -7.15683,
    "J0613-0200_LEAP.1396_efac": 0.706535,
    "J0613-0200_LEAP.1396_log10_tnequad": -6.38838,
    "J0613-0200_NRT.BON.1400_efac": 1.04805,
    "J0613-0200_NRT.BON.1400_log10_tnequad": -7.74322,
    "J0613-0200_NRT.BON.1600_efac": 1.12113,
    "J0613-0200_NRT.BON.1600_log10_tnequad": -7.76451,
    "J0613-0200_NRT.BON.2000_efac": 1.15927,
    "J0613-0200_NRT.BON.2000_log10_tnequad": -7.31581,
    "J0613-0200_NRT.NUPPI.1484_efac": 0.792303,
    "J0613-0200_NRT.NUPPI.1484_log10_tnequad": -7.40271,
    "J0613-0200_NRT.NUPPI.1854_efac": 0.752342,
    "J0613-0200_NRT.NUPPI.1854_log10_tnequad": -8.41504,
    "J0613-0200_NRT.NUPPI.2539_efac": 0.679496,
    "J0613-0200_NRT.NUPPI.2539_log10_tnequad": -7.77155,
    "J0613-0200_WSRT.P1.1380_efac": 1.04401,
    "J0613-0200_WSRT.P1.1380_log10_tnequad": -7.39461,
    "J0613-0200_WSRT.P1.328_efac": 1.30354,
    "J0613-0200_WSRT.P1.328_log10_tnequad": -7.66973,
    "J0613-0200_WSRT.P1.382_efac": 0.933985,
    "J0613-0200_WSRT.P1.382_log10_tnequad": -7.95322,
    "J0613-0200_WSRT.P2.1380_efac": 1.25776,
    "J0613-0200_WSRT.P2.1380_log10_tnequad": -6.98522,
    "J0613-0200_dm_gp_gamma": 1.23261,
    "J0613-0200_dm_gp_log10_A": -11.5805,
    "J0613-0200_red_noise_gamma": 5.38341,
    "J0613-0200_red_noise_log10_A": -15.0937
}