{
    "J1012+5307_EFF.EBPP.1360_efac": 0.677525,
    "J1012+5307_EFF.EBPP.1360_log10_tnequad": -5.73803,
    "J1012+5307_EFF.EBPP.1410_efac": 0.938818,
    "J1012+5307_EFF.EBPP.1410_log10_tnequad": -6.41878,
    "J1012+5307_EFF.EBPP.2639_efac": 0.999192,
    "J1012+5307_EFF.EBPP.2639_log10_tnequad": -6.64471,
    "J1012+5307_EFF.P200.1380_efac": 1.16818,
    "J1012+5307_EFF.P200.1380_log10_tnequad": -7.55355,
    "J1012+5307_EFF.P217.1380_efac": 1.11281,
    "J1012+5307_EFF.P217.1380_log10_tnequad": -8.12764,
    "J1012+5307_EFF.S110.2487_efac": 1.22222,
    "J1012+5307_EFF.S110.2487_log10_tnequad": -8.05568,
    "J1012+5307_EFF.S60.4857_efac": 1.02797,
    "J1012+5307_EFF.S60.4857_log10_tnequad": -6.6908,
    "J1012+5307_GM_GWB_1460_100_b1_pre36_efac": 2.21605,
    "J1012+5307_GM_GWB_1460_100_b1_pre36_log10_tnequad": -7.81518,
    "J1012+5307_GM_GWB_1460_200_b0_post36_efac": 0.837301,
    "J1012+5307_GM_GWB_1460_200_b0_post36_log10_tnequad": -7.04844,
    "J1012+5307_GM_GWB_500_100_b1_pre36_efac": 0.618807,
    "J1012+5307_GM_GWB_500_100_b1_pre36_log10_tnequad": -5.05714,
    "J1012+5307_GM_GWB_500_200_b1_post36_efac": 1.91304,
    "J1012+5307_GM_GWB_500_200_b1_post36_log10_tnequad": -8.12595,
    "J1012+5307_JBO.DFB.1400_efac": 0.72787,
    "J1012+5307_JBO.DFB.1400_log10_tnequad": -7.53355,
    "J1012+5307_JBO.DFB.1520_efac": 1.15294,
    "J1012+5307_JBO.DFB.1520_log10_tnequad": -6.8768,
    "J1012+5307_JBO.ROACH.1520_efac": 0.927921,
    "J1012+5307_JBO.ROACH.1520_log10_tnequad": -6.15089,
    "J1012+5307_LEAP.1396_efac": 1.42658,
    "J1012+5307_LEAP.1396_log10_tnequad": -7.97612,
    "J1012+5307_NRT.BON.1400_efac": 1.19568,
    "J1012+5307_NRT.BON.1400_log10_tnequad": -6.71049,
    "J1012+5307_NRT.BON.1600_efac": 1.46848,
    "J1012+5307_NRT.BON.1600_log10_tnequad": -6.22907,
    "J1012+5307_NRT.BON.2000_efac": 1.07012,
    "J1012+5307_NRT.BON.2000_log10_tnequad": -6.58797,
    "J1012+5307_NRT.NUPPI.1484_efac": 0.837384,
    "J1012+5307_NRT.NUPPI.1484_log10_tnequad": -6.77675,
    "J1012+5307_NRT.NUPPI.1854_efac": 0.854176,
    "J1012+5307_NRT.NUPPI.1854_log10_tnequad": -7.11611,
    "J1012+5307_NRT.NUPPI.2539_efac": 0.796131,
    "J1012+5307_NRT.NUPPI.2539_log10_tnequad": -7.54387,
    "J1012+5307_WSRT.P1.1380.1_efac": 0.939182,
    "J1012+5307_WSRT.P1.1380.1_log10_tnequad": -6.80129,
    "J1012+5307_WSRT.P1.1380.2_efac": 0.952541,
    "J1012+5307_WSRT.P1.1380.2_log10_tnequad": -7.32846,
    "J1012+5307_WSRT.P1.328_efac": 1.24223,
    "J1012+5307_WSRT.P1.328_log10_tnequad": -6.1972,
    "J1012+5307_WSRT.P1.382_efac": 1.10343,
    "J1012+5307_WSRT.P1.382_log10_tnequad": -8.6192,
    "J1012+5307_WSRT.P2.1380_efac": 1.06747,
    "J1012+5307_WSRT.P2.1380_log10_tnequad": -8.09295,
    "J1012+5307_WSRT.P2.350_efac": 1.11445,
    "J1012+5307_WSRT.P2.350_log10_tnequad": -7.815,
    "J1012+5307_dm_gp_gamma": 1.61566,
    "J1012+5307_dm_gp_log10_A": -11.9262,
    "J1012+5307_red_noise_gamma": 1.1786,
    "J1012+5307_red_noise_log10_A": -13.0603
}