{
    "J1600-3053_EFF.P200.1380_efac": 0.839658,
    "J1600-3053_EFF.P200.1380_log10_tnequad": -8.59591,
    "J1600-3053_EFF.P217.1380_efac": 2.78356,
    "J1600-3053_EFF.P217.1380_log10_tnequad": -5.63483,
    "J1600-3053_EFF.S110.2487_efac": 1.0832,
    "J1600-3053_EFF.S110.2487_log10_tnequad": -7.1963,
    "J1600-3053_GM_GWB_1460_100_b1_pre36_efac": 1.15479,
    "J1600-3053_GM_GWB_1460_100_b1_pre36_log10_tnequad": -6.457,
    "J1600-3053_GM_GWB_1460_200_b0_post36_efac": 0.698614,
    "J1600-3053_GM_GWB_1460_200_b0_post36_log10_tnequad": -7.55022,
    "J1600-3053_GM_GWB_500_100_b1_pre36_efac": 0.612559,
    "J1600-3053_GM_GWB_500_100_b1_pre36_log10_tnequad": -6.38999,
    "J1600-3053_GM_GWB_500_200_b1_post36_efac": 2.15902,
    "J1600-3053_GM_GWB_500_200_b1_post36_log10_tnequad": -6.73301,
    "J1600-3053_JBO.DFB.1520_efac": 2.20229,
    "J1600-3053_JBO.DFB.1520_log10_tnequad": -7.65238,
    "J1600-3053_JBO.ROACH.1520_efac": 1.12924,
    "J1600-3053_JBO.ROACH.1520_log10_tnequad": -8.53224,
    "J1600-3053_LEAP.1396_efac": 1.69809,
    "J1600-3053_LEAP.1396_log10_tnequad": -6.67636,
    "J1600-3053_NRT.BON.1400_efac": 1.22852,
    "J1600-3053_NRT.BON.1400_log10_tnequad": -7.13786,
    "J1600-3053_NRT.BON.1600_efac": 1.08567,
    "J1600-3053_NRT.BON.1600_log10_tnequad": -8.12382,
    "J1600-3053_NRT.BON.2000_efac": 1.19033,
    "J1600-3053_NRT.BON.2000_log10_tnequad": -7.96349,
    "J1600-3053_NRT.NUPPI.1484_efac": 0.70798,
    "J1600-3053_NRT.NUPPI.1484_log10_tnequad": -6.91352,
    "J1600-3053_NRT.NUPPI.1854_efac": 0.702868,
    "J1600-3053_NRT.NUPPI.1854_log10_tnequad": -7.83967,
    "J1600-3053_NRT.NUPPI.2154_efac": 0.735331,
    "J1600-3053_NRT.NUPPI.2154_log10_tnequad": -7.1811,
    "J1600-3053_NRT.NUPPI.2539_efac": 0.783124,
    "J1600-3053_NRT.NUPPI.2539_log10_tnequad": -8.84231,
    "J1600-3053_WSRT.P1.1380.C_efac": 1.34361,
    "J1600-3053_WSRT.P1.1380.C_log10_tnequad": -8.75007,
    "J1600-3053_WSRT.P2.1380_efac": 0.835918,
    "J1600-3053_WSRT.P2.1380_log10_tnequad": -6.01777,
    "J1600-3053_dm_gp_gamma": 2.04259,
    "J1600-3053_dm_gp_log10_A": -11.476,
    "J1600-3053_red_noise_gamma": 3.11575,
    "J1600-3053_red_noise_log10_A": -14.1579
}