{
    "J1640+2224_EFF.EBPP.1360_efac": 0.95773,
    "J1640+2224_EFF.EBPP.1360_log10_tnequad": -6.82441,
    "J1640+2224_EFF.EBPP.1410_efac": 1.01682,
    "J1640+2224_EFF.EBPP.1410_log10_tnequad": -8.335,
    "J1640+2224_EFF.EBPP.2639_efac": 0.91279,
    "J1640+2224_EFF.EBPP.2639_log10_tnequad": -7.16303,
    "J1640+2224_EFF.P200.1380_efac": 1.32567,
    "J1640+2224_EFF.P200.1380_log10_tnequad": -7.42886,
    "J1640+2224_EFF.P217.1380_efac": 1.04349,
    "J1640+2224_EFF.P217.1380_log10_tnequad": -7.36976,
    "J1640+2224_EFF.S110.2487_efac": 1.3728,
    "J1640+2224_EFF.S110.2487_log10_tnequad": -5.47613,
    "J1640+2224_JBO.DFB.1400_efac": 1.00633,
    "J1640+2224_JBO.DFB.1400_log10_tnequad": -7.32829,
    "J1640+2224_JBO.DFB.1520_efac": 1.19893,
    "J1640+2224_JBO.DFB.1520_log10_tnequad": -8.05036,
    "J1640+2224_JBO.ROACH.1520_efac": 1.053,
    "J1640+2224_JBO.ROACH.1520_log10_tnequad": -6.38653,
    "J1640+2224_LEAP.1396_efac": 0.959244,
    "J1640+2224_LEAP.1396_log10_tnequad": -6.25862,
    "J1640+2224_NRT.BON.1400_efac": 1.18282,
    "J1640+2224_NRT.BON.1400_log10_tnequad": -6.24392,
    "J1640+2224_NRT.NUPPI.1484_efac": 0.942528,
    "J1640+2224_NRT.NUPPI.1484_log10_tnequad": -8.03263,
    "J1640+2224_WSRT.P1.1380_efac": 1.29026,
    "J1640+2224_WSRT.P1.1380_log10_tnequad": -8.64168,
    "J1640+2224_dm_gp_gamma": 0.409187,
    "J1640+2224_dm_gp_log10_A": -11.7992
}