{
    "J1713+0747_EFF.EBPP.1360_efac": 0.765654,
    "J1713+0747_EFF.EBPP.1360_log10_tnequad": -6.19376,
    "J1713+0747_EFF.EBPP.1410_efac": 1.06354,
    "J1713+0747_EFF.EBPP.1410_log10_tnequad": -6.59246,
    "J1713+0747_EFF.EBPP.2639_efac": 1.00469,
    "J1713+0747_EFF.EBPP.2639_log10_tnequad": -6.61084,
    "J1713+0747_EFF.P200.1380_efac": 0.794526,
    "J1713+0747_EFF.P200.1380_log10_tnequad": -6.65911,
    "J1713+0747_EFF.P217.1380_efac": 1.14171,
    "J1713+0747_EFF.P217.1380_log10_tnequad": -6.67866,
    "J1713+0747_EFF.S110.2487_efac": 1.83402,
    "J1713+0747_EFF.S110.2487_log10_tnequad": -7.73292,
    "J1713+0747_EFF.S60.4857_efac": 1.2695,
    "J1713+0747_EFF.S60.4857_log10_tnequad": -7.42933,
    "J1713+0747_GM_GWB_1460_100_b1_pre36_efac": 0.872071,
    "J1713+0747_GM_GWB_1460_100_b1_pre36_log10_tnequad": -8.29307,
    "J1713+0747_GM_GWB_1460_200_b0_post36_efac": 0.711695,
    "J1713+0747_GM_GWB_1460_200_b0_post36_log10_tnequad": -8.40048,
    "J1713+0747_GM_GWB_500_100_b1_pre36_efac": 1.04676,
    "J1713+0747_GM_GWB_500_100_b1_pre36_log10_tnequad": -6.14819,
    "J1713+0747_GM_GWB_500_200_b1_post36_efac": 0.896589,
    "J1713+0747_GM_GWB_500_200_b1_post36_log10_tnequad": -6.12223,
    "J1713+0747_JBO.DFB.1400_efac": 1.14632,
    "J1713+0747_JBO.DFB.1400_log10_tnequad": -6.06595,
    "J1713+0747_JBO.DFB.1520_efac": 1.20881,
    "J1713+0747_JBO.DFB.1520_log10_tnequad": -6.44541,
    "J1713+0747_JBO.MK2.1520_efac": 0.94272,
    "J1713+0747_JBO.MK2.1520_log10_tnequad": -6.90897,
    "J1713+0747_JBO.ROACH.1520_efac": 0.879584,
    "J1713+0747_JBO.ROACH.1520_log10_tnequad": -6.56873,
    "J1713+0747_LEAP.1396_efac": 1.40588,
    "J1713+0747_LEAP.1396_log10_tnequad": -6.72169,
    "J1713+0747_NRT.BON.1400_efac": 1.06432,
    "J1713+0747_NRT.BON.1400_log10_tnequad": -6.57413,
    "J1713+0747_NRT.BON.1600_efac": 0.756531,
    "J1713+0747_NRT.BON.1600_log10_tnequad": -8.8288,
    "J1713+0747_NRT.BON.2000_efac": 1.25883,
    "J1713+0747_NRT.BON.2000_log10_tnequad": -7.14952,
    "J1713+0747_NRT.NUPPI.1484_efac": 0.782441,
    "J1713+0747_NRT.NUPPI.1484_log10_tnequad": -7.09544,
    "J1713+0747_NRT.NUPPI.1854_efac": 0.673929,
    "J1713+0747_NRT.NUPPI.1854_log10_tnequad": -7.53332,
    "J1713+0747_NRT.NUPPI.2539_efac": 0.860978,
    "J1713+0747_NRT.NUPPI.2539_log10_tnequad": -6.95971,
    "J1713+0747_WSRT.P1.1380.1_efac": 0.555467,
    "J1713+0747_WSRT.P1.1380.1_log10_tnequad": -6.56575,
    "J1713+0747_WSRT.P1.1380.2_efac": 0.602564,
    "J1713+0747_WSRT.P1.1380.2_log10_tnequad": -8.45259,
    "J1713+0747_WSRT.P1.2273.C_efac": 1.06748,
    "J1713+0747_WSRT.P1.2273.C_log10_tnequad": -8.60246,
    "J1713+0747_WSRT.P1.840_efac": 0.976483,
    "J1713+0747_WSRT.P1.840_log10_tnequad": -6.70803,
    "J1713+0747_WSRT.P2.1380_efac": 1.11894,
    "J1713+0747_WSRT.P2.1380_log10_tnequad": -8.09476,
    "J1713+0747_WSRT.P2.2273_efac": 0.728374,
    "J1713+0747_WSRT.P2.2273_log10_tnequad": -7.19309,
    "J1713+0747_WSRT.P2.350_efac": 1.04005,
    "J1713+0747_WSRT.P2.350_log10_tnequad": -6.46673,
    "J1713+0747_dm_gp_gamma": 1.53157,
    "J1713+0747_dm_gp_log10_A": -11.8587,
    "J1713+0747_red_noise_gamma": 3.00194,
    "J1713+0747_red_noise_log10_A": -14.108
}