{
    "J1730-2304_EFF.EBPP.1360_efac": 0.753393,
    "J1730-2304_EFF.EBPP.1360_log10_tnequad": -8.54617,
    "J1730-2304_JBO.DFB.1520_efac": 1.14181,
    "J1730-2304_JBO.DFB.1520_log10_tnequad": -6.07933,
    "J1730-2304_JBO.ROACH.1520_efac": 1.08629,
    "J1730-2304_JBO.ROACH.1520_log10_tnequad": -8.05825,
    "J1730-2304_NRT.BON.1400_efac": 0.903843,
    "J1730-2304_NRT.BON.1400_log10_tnequad": -6.04283,
    "J1730-2304_NRT.NUPPI.1484_efac": 0.898893,
    "J1730-2304_NRT.NUPPI.1484_log10_tnequad": -7.29339,
    "J1730-2304_NRT.NUPPI.2539_efac": 0.811336,
    "J1730-2304_NRT.NUPPI.2539_log10_tnequad": -8.30101,
    "J1730-2304_dm_gp_gamma": 2.48691,
    "J1730-2304_dm_gp_log10_A": -11.6319
}