{
    "J1744-1134_EFF.EBPP.1360_efac": 0.66956,
    "J1744-1134_EFF.EBPP.1360_log10_tnequad": -7.03882,
    "J1744-1134_EFF.EBPP.1410_efac": 0.998816,
    "J1744-1134_EFF.EBPP.1410_log10_tnequad": -6.35321,
    "J1744-1134_EFF.EBPP.2639_efac": 0.694132,
    "J1744-1134_EFF.EBPP.2639_log10_tnequad": -6.04903,
    "J1744-1134_EFF.P200.1380_efac": 1.24583,
    "J1744-1134_EFF.P200.1380_log10_tnequad": -6.16502,
    "J1744-1134_EFF.P217.1380_efac": 1.18489,
    "J1744-1134_EFF.P217.1380_log10_tnequad": -6.78129,
    "J1744-1134_EFF.S110.2487_efac": 1.19021,
    "J1744-1134_EFF.S110.2487_log10_tnequad": -7.75192,
    "J1744-1134_EFF.S60.4857_efac": 1.07311,
    "J1744-1134_EFF.S60.4857_log10_tnequad": -7.10046,
    "J1744-1134_GM_GWB_1460_200_b0_post36_efac": 0.812828,
    "J1744-1134_GM_GWB_1460_200_b0_post36_log10_tnequad": -6.05254,
    "J1744-1134_GM_GWB_500_200_b1_post36_efac": 1.08088,
    "J1744-1134_GM_GWB_500_200_b1_post36_log10_tnequad": -5.89948,
    "J1744-1134_JBO.DFB.1520_efac": 1.01963,
    "J1744-1134_JBO.DFB.1520_log10_tnequad": -6.3299,
    "J1744-1134_JBO.ROACH.1520_efac": 1.17567,
    "J1744-1134_JBO.ROACH.1520_log10_tnequad": -6.4979,
    "J1744-1134_LEAP.1396_efac": 1.301,
    "J1744-1134_LEAP.1396_log10_tnequad": -6.39295,
    "J1744-1134_NRT.BON.1400_efac": 1.40012,
    "J1744-1134_NRT.BON.1400_log10_tnequad": -6.59242,
    "J1744-1134_NRT.BON.1600_efac": 1.04031,
    "J1744-1134_NRT.BON.1600_log10_tnequad": -6.35928,
    "J1744-1134_NRT.BON.2000_efac": 1.19268,
    "J1744-1134_NRT.BON.2000_log10_tnequad": -7.89171,
    "J1744-1134_NRT.NUPPI.1484_efac": 0.77994,
    "J1744-1134_NRT.NUPPI.1484_log10_tnequad": -6.66356,
    "J1744-1134_NRT.NUPPI.2539_efac": 0.594249,
    "J1744-1134_NRT.NUPPI.2539_log10_tnequad": -6.22577,
    "J1744-1134_WSRT.P1.323.C_efac": 0.874332,
    "J1744-1134_WSRT.P1.323.C_log10_tnequad": -7.33971,
    "J1744-1134_WSRT.P1.367.C_efac": 0.98751,
    "J1744-1134_WSRT.P1.367.C_log10_tnequad": -6.21566,
    "J1744-1134_WSRT.P2.1380_efac": 1.17093,
    "J1744-1134_WSRT.P2.1380_log10_tnequad": -6.69735,
    "J1744-1134_dm_gp_gamma": 0.350917,
    "J1744-1134_dm_gp_log10_A": -11.8116,
    "J1744-1134_red_noise_gamma": 3.86814,
    "J1744-1134_red_noise_log10_A": -14.3221
}