{
    "J1751-2857_JBO.DFB.1520_efac": 1.4325,
    "J1751-2857_JBO.DFB.1520_log10_tnequad": -6.06279,
    "J1751-2857_JBO.ROACH.1520_efac": 0.756761,
    "J1751-2857_JBO.ROACH.1520_log10_tnequad": -7.80322,
    "J1751-2857_NRT.BON.1400_efac": 1.37166,
    "J1751-2857_NRT.BON.1400_log10_tnequad": -8.08255,
    "J1751-2857_NRT.NUPPI.1484_efac": 0.779961,
    "J1751-2857_NRT.NUPPI.1484_log10_tnequad": -6.50243,
    "J1751-2857_dm_gp_gamma": 2.29535,
    "J1751-2857_dm_gp_log10_A": -11.1196
}