{
    "J1857+0943_EFF.EBPP.1360_efac": 0.345768,
    "J1857+0943_EFF.EBPP.1360_log10_tnequad": -5.54044,
    "J1857+0943_EFF.EBPP.1410_efac": 0.811227,
    "J1857+0943_EFF.EBPP.1410_log10_tnequad": -8.20728,
    "J1857+0943_EFF.EBPP.2639_efac": 1.07596,
    "J1857+0943_EFF.EBPP.2639_log10_tnequad": -8.08673,
    "J1857+0943_EFF.P200.1380_efac": 1.00528,
    "J1857+0943_EFF.P200.1380_log10_tnequad": -8.43229,
    "J1857+0943_EFF.P217.1380_efac": 1.0567,
    "J1857+0943_EFF.P217.1380_log10_tnequad": -8.54189,
    "J1857+0943_EFF.S110.2487_efac": 1.02536,
    "J1857+0943_EFF.S110.2487_log10_tnequad": -5.60629,
    "J1857+0943_EFF.S60.4857_efac": 0.77746,
    "J1857+0943_EFF.S60.4857_log10_tnequad": -7.71956,
    "J1857+0943_GM_GWB_1460_100_b1_pre36_efac": 0.688807,
    "J1857+0943_GM_GWB_1460_100_b1_pre36_log10_tnequad": -6.78646,
    "J1857+0943_GM_GWB_1460_200_b0_post36_efac": 0.934675,
    "J1857+0943_GM_GWB_1460_200_b0_post36_log10_tnequad": -7.65604,
    "J1857+0943_GM_GWB_500_100_b1_pre36_efac": 0.802933,
    "J1857+0943_GM_GWB_500_100_b1_pre36_log10_tnequad": -5.2054,
    "J1857+0943_GM_GWB_500_200_b1_post36_efac": 0.732157,
    "J1857+0943_GM_GWB_500_200_b1_post36_log10_tnequad": -5.3847,
    "J1857+0943_JBO.DFB.1520_efac": 0.59551,
    "J1857+0943_JBO.DFB.1520_log10_tnequad": -5.86863,
    "J1857+0943_JBO.ROACH.1520_efac": 1.09744,
    "J1857+0943_JBO.ROACH.1520_log10_tnequad": -6.21575,
    "J1857+0943_LEAP.1396_efac": 1.33217,
    "J1857+0943_LEAP.1396_log10_tnequad": -6.92042,
    "J1857+0943_NRT.BON.1400_efac": 0.946805,
    "J1857+0943_NRT.BON.1400_log10_tnequad": -6.28927,
    "J1857+0943_NRT.BON.1600_efac": 1.09738,
    "J1857+0943_NRT.BON.1600_log10_tnequad": -6.96826,
    "J1857+0943_NRT.BON.2000_efac": 0.874688,
    "J1857+0943_NRT.BON.2000_log10_tnequad": -8.36296,
    "J1857+0943_NRT.NUPPI.1484_efac": 0.969452,
    "J1857+0943_NRT.NUPPI.1484_log10_tnequad": -8.39599,
    "J1857+0943_NRT.NUPPI.2539_efac": 0.831538,
    "J1857+0943_NRT.NUPPI.2539_log10_tnequad": -7.39746,
    "J1857+0943_WSRT.P1.1380_efac": 1.24824,
    "J1857+0943_WSRT.P1.1380_log10_tnequad": -5.62411,
    "J1857+0943_WSRT.P2.1380_efac": 1.29626,
    "J1857+0943_WSRT.P2.1380_log10_tnequad": -6.87645,
    "J1857+0943_dm_gp_gamma": 2.66086,
    "J1857+0943_dm_gp_log10_A": -11.781
}