{
    "J1909-3744_GM_GWB_1460_100_b1_pre36_efac": 0.929353,
    "J1909-3744_GM_GWB_1460_100_b1_pre36_log10_tnequad": -8.33808,
    "J1909-3744_GM_GWB_1460_200_b0_post36_efac": 0.76753,
    "J1909-3744_GM_GWB_1460_200_b0_post36_log10_tnequad": -6.15906,
    "J1909-3744_GM_GWB_500_100_b1_pre36_efac": 0.931674,
    "J1909-3744_GM_GWB_500_100_b1_pre36_log10_tnequad": -8.97482,
    "J1909-3744_GM_GWB_500_200_b1_post36_efac": 0.976314,
    "J1909-3744_GM_GWB_500_200_b1_post36_log10_tnequad": -6.12341,
    "J1909-3744_NRT.BON.1400_efac": 1.07897,
    "J1909-3744_NRT.BON.1400_log10_tnequad": -7.24832,
    "J1909-3744_NRT.BON.1600_efac": 1.18997,
    "J1909-3744_NRT.BON.1600_log10_tnequad": -8.27208,
    "J1909-3744_NRT.BON.2000_efac": 1.25422,
    "J1909-3744_NRT.BON.2000_log10_tnequad": -8.53397,
    "J1909-3744_NRT.NUPPI.1484_efac": 0.810303,
    "J1909-3744_NRT.NUPPI.1484_log10_tnequad": -7.32346,
    "J1909-3744_NRT.NUPPI.1854_efac": 0.769927,
    "J1909-3744_NRT.NUPPI.1854_log10_tnequad": -8.80612,
    "J1909-3744_NRT.NUPPI.2154_efac": 0.955881,
    "J1909-3744_NRT.NUPPI.2154_log10_tnequad": -6.92089,
    "J1909-3744_NRT.NUPPI.2539_efac": 0.702868,
    "J1909-3744_NRT.NUPPI.2539_log10_tnequad": -7.07594,
    "J1909-3744_dm_gp_gamma": 1.3237,
    "J1909-3744_dm_gp_log10_A": -11.8589,
    "J1909-3744_red_noise_gamma": 6.16167,
    "J1909-3744_red_noise_log10_A": -15.4978
}