{
    "J1911+1347_EFF.P200.1380_efac": 1.07366,
    "J1911+1347_EFF.P200.1380_log10_tnequad": -6.45003,
    "J1911+1347_EFF.P217.1380_efac": 1.38651,
    "J1911+1347_EFF.P217.1380_log10_tnequad": -8.31478,
    "J1911+1347_EFF.S110.2487_efac": 1.63975,
    "J1911+1347_EFF.S110.2487_log10_tnequad": -6.29301,
    "J1911+1347_JBO.DFB.1520_efac": 0.906681,
    "J1911+1347_JBO.DFB.1520_log10_tnequad": -8.52033,
    "J1911+1347_JBO.ROACH.1520_efac": 0.974569,
    "J1911+1347_JBO.ROACH.1520_log10_tnequad": -5.62148,
    "J1911+1347_NRT.BON.1400_efac": 0.969801,
    "J1911+1347_NRT.BON.1400_log10_tnequad": -7.0547,
    "J1911+1347_NRT.NUPPI.1484_efac": 0.787602,
    "J1911+1347_NRT.NUPPI.1484_log10_tnequad": -8.13357,
    "J1911+1347_dm_gp_gamma": 3.18257,
    "J1911+1347_dm_gp_log10_A": -12.0069
}