{
    "J2322+2057_EFF.P217.1380_efac": 0.962922,
    "J2322+2057_EFF.P217.1380_log10_tnequad": -7.70721,
    "J2322+2057_JBO.DFB.1520_efac": 1.23448,
    "J2322+2057_JBO.DFB.1520_log10_tnequad": -5.40524,
    "J2322+2057_JBO.ROACH.1520_efac": 0.999459,
    "J2322+2057_JBO.ROACH.1520_log10_tnequad": -6.7012,
    "J2322+2057_NRT.BON.1400_efac": 1.35327,
    "J2322+2057_NRT.BON.1400_log10_tnequad": -7.41522,
    "J2322+2057_NRT.BON.1600_efac": 1.27462,
    "J2322+2057_NRT.BON.1600_log10_tnequad": -6.07018,
    "J2322+2057_NRT.NUPPI.1484_efac": 0.91374,
    "J2322+2057_NRT.NUPPI.1484_log10_tnequad": -6.99925
}