{
    "J0751+1807_EFF.P200.1380_efac": 1.4622887414114853,
    "J0751+1807_EFF.P200.1380_log10_t2equad": -5.855316110896133,
    "J0751+1807_EFF.P217.1380_efac": 1.1182322606329167,
    "J0751+1807_EFF.P217.1380_log10_t2equad": -5.951730622301865,
    "J0751+1807_EFF.S110.2487_efac": 1.2021518407383947,
    "J0751+1807_EFF.S110.2487_log10_t2equad": -8.273874757633164,
    "J0751+1807_JBO.ROACH.1520_efac": 0.9659487293118227,
    "J0751+1807_JBO.ROACH.1520_log10_t2equad": -8.892936209777913,
    "J0751+1807_LEAP.1396_efac": 0.9858262574040735,
    "J0751+1807_LEAP.1396_log10_t2equad": -7.228475518428845,
    "J0751+1807_NRT.NUPPI.1484_efac": 0.8765546208048559,
    "J0751+1807_NRT.NUPPI.1484_log10_t2equad": -7.240212548545826,
    "J0751+1807_NRT.NUPPI.2539_efac": 0.8712565953680692,
    "J0751+1807_NRT.NUPPI.2539_log10_t2equad": -6.521626337818643,
    "J0751+1807_WSRT.P2.1380_efac": 1.0578633335599714,
    "J0751+1807_WSRT.P2.1380_log10_t2equad": -6.760179341150843,
    "J0751+1807_dm_gp_gamma": 4.382803422551031,
    "J0751+1807_dm_gp_log10_A": -12.152395908213897
}