{
    "J0900-3144_JBO.ROACH.1520_efac": 1.04101013120358,
    "J0900-3144_JBO.ROACH.1520_log10_t2equad": -6.1579476020947235,
    "J0900-3144_NRT.NUPPI.1484_efac": 0.8506499833973288,
    "J0900-3144_NRT.NUPPI.1484_log10_t2equad": -6.1208882351205895,
    "J0900-3144_NRT.NUPPI.1854_efac": 1.4944510649111937,
    "J0900-3144_NRT.NUPPI.1854_log10_t2equad": -8.771532099848624,
    "J0900-3144_NRT.NUPPI.2154_efac": 1.1280088187462487,
    "J0900-3144_NRT.NUPPI.2154_log10_t2equad": -6.6692139276891975,
    "J0900-3144_NRT.NUPPI.2539_efac": 0.9074278562818382,
    "J0900-3144_NRT.NUPPI.2539_log10_t2equad": -8.857058345244642,
    "J0900-3144_dm_gp_gamma": 6.829477998585654,
    "J0900-3144_dm_gp_log10_A": -13.279848239133582,
    "J0900-3144_rn_gamma": 1.3554912113294475,
    "J0900-3144_rn_log10_A": -12.718257827200246
}