{
    "J1012+5307_EFF.P200.1380_efac": 1.0548133535433428,
    "J1012+5307_EFF.P200.1380_log10_t2equad": -6.240183097594486,
    "J1012+5307_EFF.P217.1380_efac": 1.0877812691698507,
    "J1012+5307_EFF.P217.1380_log10_t2equad": -6.804387306350895,
    "J1012+5307_EFF.S110.2487_efac": 0.989805594951363,
    "J1012+5307_EFF.S110.2487_log10_t2equad": -5.70344505119584,
    "J1012+5307_EFF.S60.4857_efac": 0.8301538451582426,
    "J1012+5307_EFF.S60.4857_log10_t2equad": -8.674275925215627,
    "J1012+5307_JBO.ROACH.1520_efac": 0.9641677541515948,
    "J1012+5307_JBO.ROACH.1520_log10_t2equad": -8.49205268487396,
    "J1012+5307_LEAP.1396_efac": 1.4332993699844783,
    "J1012+5307_LEAP.1396_log10_t2equad": -6.681502406231853,
    "J1012+5307_NRT.NUPPI.1484_efac": 0.8472184300814208,
    "J1012+5307_NRT.NUPPI.1484_log10_t2equad": -8.859715211778916,
    "J1012+5307_NRT.NUPPI.1854_efac": 0.8143047394107772,
    "J1012+5307_NRT.NUPPI.1854_log10_t2equad": -6.240703159669776,
    "J1012+5307_NRT.NUPPI.2539_efac": 0.7671972870699303,
    "J1012+5307_NRT.NUPPI.2539_log10_t2equad": -7.236433417005013,
    "J1012+5307_WSRT.P2.1380_efac": 1.237984987345866,
    "J1012+5307_WSRT.P2.1380_log10_t2equad": -7.693529095894691,
    "J1012+5307_WSRT.P2.350_efac": 1.2892671667785593,
    "J1012+5307_WSRT.P2.350_log10_t2equad": -8.563979070953891,
    "J1012+5307_dm_gp_gamma": 3.709925263277869,
    "J1012+5307_dm_gp_log10_A": -12.2847680081997,
    "J1012+5307_rn_gamma": 1.3488533092632586,
    "J1012+5307_rn_log10_A": -12.950273183492254
}