{
    "J1022+1001_EFF.P200.1380_efac": 0.8102206481490057,
    "J1022+1001_EFF.P200.1380_log10_t2equad": -6.572227821559285,
    "J1022+1001_EFF.P217.1380_efac": 0.7858128904591491,
    "J1022+1001_EFF.P217.1380_log10_t2equad": -7.005589378023857,
    "J1022+1001_EFF.S110.2487_efac": 0.879606018512383,
    "J1022+1001_EFF.S110.2487_log10_t2equad": -6.391685700921404,
    "J1022+1001_EFF.S60.4857_efac": 1.1737541790871822,
    "J1022+1001_EFF.S60.4857_log10_t2equad": -5.6713037903220505,
    "J1022+1001_JBO.ROACH.1520_efac": 1.0747453048700975,
    "J1022+1001_JBO.ROACH.1520_log10_t2equad": -5.826146883391521,
    "J1022+1001_LEAP.1396_efac": 2.438256888182125,
    "J1022+1001_LEAP.1396_log10_t2equad": -8.63537066059122,
    "J1022+1001_NRT.NUPPI.1484_efac": 0.805516529751389,
    "J1022+1001_NRT.NUPPI.1484_log10_t2equad": -6.208441744577778,
    "J1022+1001_WSRT.P2.1380_efac": 1.0806590482719904,
    "J1022+1001_WSRT.P2.1380_log10_t2equad": -5.748242625477178,
    "J1022+1001_dm_gp_gamma": 0.3859812986281729,
    "J1022+1001_dm_gp_log10_A": -11.397924486575855,
    "J1022+1001_rn_gamma": 2.886727895528899,
    "J1022+1001_rn_log10_A": -14.139338768279377
}