{
    "J1713+0747_EFF.P200.1380_efac": 1.412374726303919,
    "J1713+0747_EFF.P200.1380_log10_t2equad": -6.649000741215544,
    "J1713+0747_EFF.P217.1380_efac": 1.1826730155965852,
    "J1713+0747_EFF.P217.1380_log10_t2equad": -6.6593602574637805,
    "J1713+0747_EFF.S110.2487_efac": 1.843610252576271,
    "J1713+0747_EFF.S110.2487_log10_t2equad": -7.9772772266290275,
    "J1713+0747_EFF.S60.4857_efac": 0.9566210128555996,
    "J1713+0747_EFF.S60.4857_log10_t2equad": -8.312222023615337,
    "J1713+0747_JBO.MK2.1520_efac": 0.8778418556697566,
    "J1713+0747_JBO.MK2.1520_log10_t2equad": -8.095181552632685,
    "J1713+0747_JBO.ROACH.1520_efac": 0.8794972097058603,
    "J1713+0747_JBO.ROACH.1520_log10_t2equad": -6.615228034705099,
    "J1713+0747_LEAP.1396_efac": 1.552862675531769,
    "J1713+0747_LEAP.1396_log10_t2equad": -6.7185150489060375,
    "J1713+0747_NRT.NUPPI.1484_efac": 0.7896503325063164,
    "J1713+0747_NRT.NUPPI.1484_log10_t2equad": -7.124620438769816,
    "J1713+0747_NRT.NUPPI.1854_efac": 0.7079678541925291,
    "J1713+0747_NRT.NUPPI.1854_log10_t2equad": -8.520459384443132,
    "J1713+0747_NRT.NUPPI.2539_efac": 0.7731047657187958,
    "J1713+0747_NRT.NUPPI.2539_log10_t2equad": -6.868562726735876,
    "J1713+0747_WSRT.P2.1380_efac": 1.0345911103112715,
    "J1713+0747_WSRT.P2.1380_log10_t2equad": -6.9716719287703555,
    "J1713+0747_WSRT.P2.2273_efac": 0.8427914809395443,
    "J1713+0747_WSRT.P2.2273_log10_t2equad": -6.676656824013697,
    "J1713+0747_WSRT.P2.350_efac": 0.898914858648177,
    "J1713+0747_WSRT.P2.350_log10_t2equad": -8.972410387384546,
    "J1713+0747_dm_gp_gamma": 1.6046171070000295,
    "J1713+0747_dm_gp_log10_A": -12.163382655157092,
    "J1713+0747_expd-1.0_57490_57530_log10_Amp": -5.893013483866965,
    "J1713+0747_expd-1.0_57490_57530_log10_tau": 1.4214818024065916,
    "J1713+0747_expd-1.0_57490_57530_t0": 57510.14528734278,
    "J1713+0747_rn_gamma": 1.5836034774110743,
    "J1713+0747_rn_log10_A": -13.877127203744667
}