{
    "J1744-1134_EFF.P200.1380_efac": 1.5289889739981626,
    "J1744-1134_EFF.P200.1380_log10_t2equad": -8.076864368319155,
    "J1744-1134_EFF.P217.1380_efac": 1.2771057723574064,
    "J1744-1134_EFF.P217.1380_log10_t2equad": -7.778377010704876,
    "J1744-1134_EFF.S110.2487_efac": 1.244705701316738,
    "J1744-1134_EFF.S110.2487_log10_t2equad": -6.53903945008975,
    "J1744-1134_EFF.S60.4857_efac": 1.0561167945451462,
    "J1744-1134_EFF.S60.4857_log10_t2equad": -7.257195389387301,
    "J1744-1134_JBO.ROACH.1520_efac": 1.1363656211662838,
    "J1744-1134_JBO.ROACH.1520_log10_t2equad": -6.3815473236602775,
    "J1744-1134_LEAP.1396_efac": 1.3136587135168925,
    "J1744-1134_LEAP.1396_log10_t2equad": -6.478777690017408,
    "J1744-1134_NRT.NUPPI.1484_efac": 0.8171455527990248,
    "J1744-1134_NRT.NUPPI.1484_log10_t2equad": -6.727670528542976,
    "J1744-1134_NRT.NUPPI.2539_efac": 0.6214279693404747,
    "J1744-1134_NRT.NUPPI.2539_log10_t2equad": -6.520348996009733,
    "J1744-1134_WSRT.P2.1380_efac": 1.2098338519224716,
    "J1744-1134_WSRT.P2.1380_log10_t2equad": -6.695781710027594,
    "J1744-1134_dm_gp_gamma": 1.1118036062653867,
    "J1744-1134_dm_gp_log10_A": -11.8092688429177
}