{
    "J1910+1256_JBO.ROACH.1520_efac": 1.0605708987634797,
    "J1910+1256_JBO.ROACH.1520_log10_t2equad": -8.60288324441584,
    "J1910+1256_NRT.NUPPI.1484_efac": 0.8345119172671124,
    "J1910+1256_NRT.NUPPI.1484_log10_t2equad": -6.560712227869687,
    "J1910+1256_dm_gp_gamma": 6.536943638746389,
    "J1910+1256_dm_gp_log10_A": -12.605413025126905
}