{
    "J2322+2057_EFF.P217.1380_efac": 1.2087043553497132,
    "J2322+2057_EFF.P217.1380_log10_t2equad": -6.508521806272974,
    "J2322+2057_JBO.ROACH.1520_efac": 0.9610659725859465,
    "J2322+2057_JBO.ROACH.1520_log10_t2equad": -6.054868484868762,
    "J2322+2057_NRT.NUPPI.1484_efac": 0.8809550106099319,
    "J2322+2057_NRT.NUPPI.1484_log10_t2equad": -8.583883932763115
}