{
    "J0751+1807_EFF.EBPP.1360_efac": 1.56794,
    "J0751+1807_EFF.EBPP.1360_log10_t2equad": -6.44087,
    "J0751+1807_EFF.EBPP.1410_efac": 0.992588,
    "J0751+1807_EFF.EBPP.1410_log10_t2equad": -5.57003,
    "J0751+1807_EFF.EBPP.2639_efac": 1.25556,
    "J0751+1807_EFF.EBPP.2639_log10_t2equad": -5.56811,
    "J0751+1807_EFF.P200.1380_efac": 1.23924,
    "J0751+1807_EFF.P200.1380_log10_t2equad": -5.76143,
    "J0751+1807_EFF.P217.1380_efac": 1.19614,
    "J0751+1807_EFF.P217.1380_log10_t2equad": -6.05876,
    "J0751+1807_EFF.S110.2487_efac": 1.16647,
    "J0751+1807_EFF.S110.2487_log10_t2equad": -7.85708,
    "J0751+1807_GM_GWB_1460_100_b1_pre36_efac": 0.730886,
    "J0751+1807_GM_GWB_1460_100_b1_pre36_log10_t2equad": -5.08118,
    "J0751+1807_GM_GWB_1460_200_b0_post36_efac": 0.733715,
    "J0751+1807_GM_GWB_1460_200_b0_post36_log10_t2equad": -7.64102,
    "J0751+1807_GM_GWB_500_100_b1_pre36_efac": 0.938738,
    "J0751+1807_GM_GWB_500_100_b1_pre36_log10_t2equad": -7.52933,
    "J0751+1807_GM_GWB_500_200_b1_post36_efac": 1.89949,
    "J0751+1807_GM_GWB_500_200_b1_post36_log10_t2equad": -5.00004,
    "J0751+1807_JBO.DFB.1400_efac": 1.21744,
    "J0751+1807_JBO.DFB.1400_log10_t2equad": -8.15609,
    "J0751+1807_JBO.DFB.1520_efac": 1.07661,
    "J0751+1807_JBO.DFB.1520_log10_t2equad": -6.28268,
    "J0751+1807_JBO.ROACH.1520_efac": 1.00913,
    "J0751+1807_JBO.ROACH.1520_log10_t2equad": -8.42236,
    "J0751+1807_LEAP.1396_efac": 1.02983,
    "J0751+1807_LEAP.1396_log10_t2equad": -8.23922,
    "J0751+1807_NRT.BON.1400_efac": 1.17837,
    "J0751+1807_NRT.BON.1400_log10_t2equad": -6.04096,
    "J0751+1807_NRT.BON.1600_efac": 1.08933,
    "J0751+1807_NRT.BON.1600_log10_t2equad": -7.30961,
    "J0751+1807_NRT.BON.2000_efac": 0.693753,
    "J0751+1807_NRT.BON.2000_log10_t2equad": -5.58085,
    "J0751+1807_NRT.NUPPI.1484_efac": 0.86265,
    "J0751+1807_NRT.NUPPI.1484_log10_t2equad": -8.01764,
    "J0751+1807_NRT.NUPPI.2539_efac": 0.849306,
    "J0751+1807_NRT.NUPPI.2539_log10_t2equad": -7.48024,
    "J0751+1807_WSRT.P1.1380_efac": 1.12423,
    "J0751+1807_WSRT.P1.1380_log10_t2equad": -6.79716,
    "J0751+1807_WSRT.P2.1380_efac": 0.967175,
    "J0751+1807_WSRT.P2.1380_log10_t2equad": -6.75597,
    "J0751+1807_dm_gp_gamma": 2.81595,
    "J0751+1807_dm_gp_log10_A": -11.7877
}