{
    "J1022+1001_EFF.EBPP.1360_efac": 0.785253,
    "J1022+1001_EFF.EBPP.1360_log10_t2equad": -5.78426,
    "J1022+1001_EFF.EBPP.1410_efac": 0.641257,
    "J1022+1001_EFF.EBPP.1410_log10_t2equad": -5.72059,
    "J1022+1001_EFF.EBPP.2639_efac": 1.51151,
    "J1022+1001_EFF.EBPP.2639_log10_t2equad": -5.73406,
    "J1022+1001_EFF.P200.1380_efac": 0.807765,
    "J1022+1001_EFF.P200.1380_log10_t2equad": -8.57531,
    "J1022+1001_EFF.P217.1380_efac": 0.74478,
    "J1022+1001_EFF.P217.1380_log10_t2equad": -8.14438,
    "J1022+1001_EFF.S110.2487_efac": 0.945893,
    "J1022+1001_EFF.S110.2487_log10_t2equad": -7.37716,
    "J1022+1001_EFF.S60.4857_efac": 1.67436,
    "J1022+1001_EFF.S60.4857_log10_t2equad": -6.55017,
    "J1022+1001_GM_GWB_1460_100_b1_pre36_efac": 1.03074,
    "J1022+1001_GM_GWB_1460_100_b1_pre36_log10_t2equad": -6.05501,
    "J1022+1001_GM_GWB_1460_200_b0_post36_efac": 0.818629,
    "J1022+1001_GM_GWB_1460_200_b0_post36_log10_t2equad": -8.17348,
    "J1022+1001_GM_GWB_500_100_b1_pre36_efac": 1.02343,
    "J1022+1001_GM_GWB_500_100_b1_pre36_log10_t2equad": -8.9848,
    "J1022+1001_GM_GWB_500_200_b1_post36_efac": 1.28506,
    "J1022+1001_GM_GWB_500_200_b1_post36_log10_t2equad": -5.08243,
    "J1022+1001_JBO.DFB.1400_efac": 0.819645,
    "J1022+1001_JBO.DFB.1400_log10_t2equad": -5.78315,
    "J1022+1001_JBO.DFB.1520_efac": 0.969801,
    "J1022+1001_JBO.DFB.1520_log10_t2equad": -5.65156,
    "J1022+1001_JBO.ROACH.1520_efac": 1.03592,
    "J1022+1001_JBO.ROACH.1520_log10_t2equad": -5.73332,
    "J1022+1001_LEAP.1396_efac": 2.00247,
    "J1022+1001_LEAP.1396_log10_t2equad": -6.39093,
    "J1022+1001_NRT.BON.1400_efac": 0.920155,
    "J1022+1001_NRT.BON.1400_log10_t2equad": -5.96152,
    "J1022+1001_NRT.NUPPI.1484_efac": 0.793585,
    "J1022+1001_NRT.NUPPI.1484_log10_t2equad": -6.09923,
    "J1022+1001_WSRT.P1.1380_efac": 0.781495,
    "J1022+1001_WSRT.P1.1380_log10_t2equad": -5.89611,
    "J1022+1001_WSRT.P1.323_efac": 2.12923,
    "J1022+1001_WSRT.P1.323_log10_t2equad": -5.5469,
    "J1022+1001_WSRT.P1.367_efac": 1.56377,
    "J1022+1001_WSRT.P1.367_log10_t2equad": -7.9505,
    "J1022+1001_WSRT.P2.1380_efac": 1.12925,
    "J1022+1001_WSRT.P2.1380_log10_t2equad": -5.80296,
    "J1022+1001_dm_gp_gamma": 0.00884306,
    "J1022+1001_dm_gp_log10_A": -11.4804,
    "J1022+1001_red_noise_gamma": 3.03944,
    "J1022+1001_red_noise_log10_A": -13.7117
}