{
    "J1455-3330_JBO.DFB.1520_efac": 1.22443,
    "J1455-3330_JBO.DFB.1520_log10_t2equad": -7.22721,
    "J1455-3330_JBO.ROACH.1520_efac": 0.819675,
    "J1455-3330_JBO.ROACH.1520_log10_t2equad": -8.00536,
    "J1455-3330_NRT.BON.1400_efac": 1.26603,
    "J1455-3330_NRT.BON.1400_log10_t2equad": -8.66967,
    "J1455-3330_NRT.BON.1600_efac": 1.08859,
    "J1455-3330_NRT.BON.1600_log10_t2equad": -6.76518,
    "J1455-3330_NRT.NUPPI.1484_efac": 0.815426,
    "J1455-3330_NRT.NUPPI.1484_log10_t2equad": -8.22081,
    "J1455-3330_NRT.NUPPI.1854_efac": 0.845158,
    "J1455-3330_NRT.NUPPI.1854_log10_t2equad": -6.19511,
    "J1455-3330_NRT.NUPPI.2539_efac": 0.996383,
    "J1455-3330_NRT.NUPPI.2539_log10_t2equad": -8.18339,
    "J1455-3330_red_noise_gamma": 1.67173,
    "J1455-3330_red_noise_log10_A": -13.1817
}