{
    "J1738+0333_EFF.P200.1380_efac": 0.871505,
    "J1738+0333_EFF.P200.1380_log10_t2equad": -8.62025,
    "J1738+0333_EFF.P217.1380_efac": 0.789521,
    "J1738+0333_EFF.P217.1380_log10_t2equad": -8.69289,
    "J1738+0333_JBO.DFB.1520_efac": 1.13056,
    "J1738+0333_JBO.DFB.1520_log10_t2equad": -7.29458,
    "J1738+0333_JBO.ROACH.1520_efac": 0.869019,
    "J1738+0333_JBO.ROACH.1520_log10_t2equad": -5.4463,
    "J1738+0333_NRT.BON.1400_efac": 1.14099,
    "J1738+0333_NRT.BON.1400_log10_t2equad": -8.86486,
    "J1738+0333_NRT.NUPPI.1484_efac": 0.863563,
    "J1738+0333_NRT.NUPPI.1484_log10_t2equad": -8.18101,
    "J1738+0333_WSRT.P2.1380_efac": 0.965027,
    "J1738+0333_WSRT.P2.1380_log10_t2equad": -8.62762,
    "J1738+0333_red_noise_gamma": 1.89317,
    "J1738+0333_red_noise_log10_A": -12.9252
}