{
    "J1918-0642_EFF.P200.1380_efac": 0.878025,
    "J1918-0642_EFF.P200.1380_log10_t2equad": -6.26413,
    "J1918-0642_EFF.P217.1380_efac": 1.12415,
    "J1918-0642_EFF.P217.1380_log10_t2equad": -7.1031,
    "J1918-0642_EFF.S110.2487_efac": 0.70709,
    "J1918-0642_EFF.S110.2487_log10_t2equad": -5.63571,
    "J1918-0642_JBO.DFB.1400_efac": 1.08801,
    "J1918-0642_JBO.DFB.1400_log10_t2equad": -7.14771,
    "J1918-0642_JBO.DFB.1520_efac": 1.09765,
    "J1918-0642_JBO.DFB.1520_log10_t2equad": -8.02779,
    "J1918-0642_JBO.ROACH.1520_efac": 0.956377,
    "J1918-0642_JBO.ROACH.1520_log10_t2equad": -6.49125,
    "J1918-0642_LEAP.1396_efac": 0.823879,
    "J1918-0642_LEAP.1396_log10_t2equad": -5.84256,
    "J1918-0642_NRT.BON.1400_efac": 0.989266,
    "J1918-0642_NRT.BON.1400_log10_t2equad": -6.09783,
    "J1918-0642_NRT.NUPPI.1484_efac": 0.794401,
    "J1918-0642_NRT.NUPPI.1484_log10_t2equad": -6.57533,
    "J1918-0642_WSRT.P1.1380_efac": 1.07224,
    "J1918-0642_WSRT.P1.1380_log10_t2equad": -8.21602,
    "J1918-0642_WSRT.P2.1380_efac": 1.01446,
    "J1918-0642_WSRT.P2.1380_log10_t2equad": -8.88329,
    "J1918-0642_dm_gp_gamma": 3.80768,
    "J1918-0642_dm_gp_log10_A": -12.2986
}