{
    "J2124-3358_GM_GWB_1460_100_b1_pre36_efac": 0.961443,
    "J2124-3358_GM_GWB_1460_100_b1_pre36_log10_t2equad": -5.1005,
    "J2124-3358_GM_GWB_1460_200_b0_post36_efac": 0.979585,
    "J2124-3358_GM_GWB_1460_200_b0_post36_log10_t2equad": -6.13923,
    "J2124-3358_GM_GWB_500_100_b1_pre36_efac": 0.867642,
    "J2124-3358_GM_GWB_500_100_b1_pre36_log10_t2equad": -8.13238,
    "J2124-3358_GM_GWB_500_200_b1_post36_efac": 2.01384,
    "J2124-3358_GM_GWB_500_200_b1_post36_log10_t2equad": -7.62574,
    "J2124-3358_JBO.DFB.1520_efac": 1.28867,
    "J2124-3358_JBO.DFB.1520_log10_t2equad": -5.62352,
    "J2124-3358_JBO.ROACH.1520_efac": 1.1681,
    "J2124-3358_JBO.ROACH.1520_log10_t2equad": -5.72922,
    "J2124-3358_NRT.BON.1400_efac": 1.17219,
    "J2124-3358_NRT.BON.1400_log10_t2equad": -8.29017,
    "J2124-3358_NRT.BON.1600_efac": 1.42512,
    "J2124-3358_NRT.BON.1600_log10_t2equad": -8.86836,
    "J2124-3358_NRT.BON.2000_efac": 1.25635,
    "J2124-3358_NRT.BON.2000_log10_t2equad": -5.92935,
    "J2124-3358_NRT.NUPPI.1484_efac": 0.827036,
    "J2124-3358_NRT.NUPPI.1484_log10_t2equad": -8.01231,
    "J2124-3358_NRT.NUPPI.1854_efac": 0.803512,
    "J2124-3358_NRT.NUPPI.1854_log10_t2equad": -5.35766,
    "J2124-3358_NRT.NUPPI.2154_efac": 1.13079,
    "J2124-3358_NRT.NUPPI.2154_log10_t2equad": -5.57058,
    "J2124-3358_NRT.NUPPI.2539_efac": 0.726537,
    "J2124-3358_NRT.NUPPI.2539_log10_t2equad": -6.89019,
    "J2124-3358_dm_gp_gamma": 2.19955,
    "J2124-3358_dm_gp_log10_A": -11.7967
}